keyFifths,beats,beatsType,harmonyRootStep,harmonyRootAlter,divisions,harmonyKind,harmonyDuration,sequenceId,startPitchStep,startPitchOctave,startPitchAlter,targetPitchStep,targetPitchOctave,targetPitchAlter
0,4,4,D,0,1,minor-seventh,4,63288c05-df8d-45b8-9409-87ebbc5d8df5,D,3,0,G,3,0
0,4,4,G,0,1,dominant,4,b6d9861e-ebea-4d9f-bdc2-36472a2104c8,G,3,0,C,3,0
0,4,4,C,0,1,major-seventh,4,0f8f89f5-4f6a-462b-8209-fd386c160cc5,C,3,0,C,3,0
0,4,4,C,0,1,major-seventh,4,db659e41-354a-4c8e-a44f-a4fb6f48ec29,C,3,0,C,3,1
5,4,4,C,1,1,minor-seventh,4,a563643d-8936-4d2a-ae8b-236404c8e64f,C,3,1,F,3,1
5,4,4,F,1,1,dominant,4,5e0b019f-4a92-464f-9b1c-d432341f2cfa,F,3,1,B,2,0
5,4,4,B,0,1,major-seventh,4,b553af38-42cf-49ce-bca7-a780431b308e,B,2,0,B,2,0
5,4,4,B,0,1,major-seventh,4,07b2f3fa-02fc-4580-b359-90806de5d560,B,2,0,D,3,-1
-7,4,4,D,-1,1,minor-seventh,4,4cf46082-4108-4583-96ac-d1416481c37a,D,3,-1,G,3,-1
-7,4,4,G,-1,1,dominant,4,4fa6d4ad-e08e-4bc9-8c63-7597f38a5697,G,3,-1,C,3,-1
-7,4,4,C,-1,1,major-seventh,4,19c92b25-c7b6-4789-a8d4-4310cd681e6c,C,3,-1,C,3,-1
-7,4,4,C,-1,1,major-seventh,4,d88f9da2-289a-4c1a-9b7b-ba5865950fe2,C,3,-1,C,3,0
-2,4,4,C,0,1,minor-seventh,4,8d9a4b91-c04a-4464-ab39-0b158ec18d07,C,3,0,F,3,0
-2,4,4,F,0,1,dominant,4,3d741995-4e13-4554-a721-ff757ec41946,F,3,0,B,2,-1
-2,4,4,B,-1,1,major-seventh,4,d4e7553b-0f28-449b-bd6d-f9f18ac9be0e,B,2,-1,B,2,-1
-2,4,4,B,-1,1,major-seventh,4,7c8dc857-77f8-467c-bec7-c8f18cf41a90,B,2,-1,B,2,0
3,4,4,B,0,1,minor-seventh,4,2fe82a11-28bc-4d03-ab2a-21977e22490f,B,2,0,E,3,0
3,4,4,E,0,1,dominant,4,5a129452-5037-434d-818a-b1955cd0172e,E,3,0,A,2,0
3,4,4,A,0,1,major-seventh,4,53d86748-e830-4580-a3e8-8d7f934bf8ed,A,2,0,A,2,0
3,4,4,A,0,1,major-seventh,4,d908de23-e85a-4480-954b-1220c5a86cf6,A,2,0,B,2,-1
-4,4,4,B,-1,1,minor-seventh,4,c3f0cf7a-5b21-4fad-8247-9e89985e0d88,B,2,-1,E,3,-1
-4,4,4,E,-1,1,dominant,4,76adcfec-1c6c-4f1b-901a-d580d3c3e29b,E,3,-1,A,2,-1
-4,4,4,A,-1,1,major-seventh,4,69e84ffa-6749-4505-9438-87b95f01832d,A,2,-1,A,3,-1
-4,4,4,A,-1,1,major-seventh,4,c16a7aeb-bbca-4eab-ae88-055a380f843d,A,3,-1,A,2,0
1,4,4,A,0,1,minor-seventh,4,2315ca6c-647d-49f1-928c-541454e24fa7,A,2,0,D,3,0
1,4,4,D,0,1,dominant,4,31098683-edd5-488a-8a97-56a87e70014f,D,3,0,G,2,0
1,4,4,G,0,1,major-seventh,4,5d300707-5c1f-4919-9d5c-55e897bd9e5e,G,2,0,G,3,0
1,4,4,G,0,1,major-seventh,4,298a99e6-37a6-416e-9936-04308e1c8721,G,3,0,A,2,-1
-6,4,4,A,-1,1,minor-seventh,4,419f5530-203e-422a-a2ab-a00036f99163,A,2,-1,D,3,-1
-6,4,4,D,-1,1,dominant,4,f95ae8f4-53ed-46d9-b21a-8179695a0bc5,D,3,-1,G,2,-1
-6,4,4,G,-1,1,major-seventh,4,c122f90f-ee90-4498-bfa0-8b088e917268,G,2,-1,G,3,-1
-6,4,4,G,-1,1,major-seventh,4,c9bb3ac3-142b-41fa-9511-e182ce645b3f,G,3,-1,G,2,1
6,4,4,G,1,1,minor-seventh,4,1c152ae9-c8fd-43f2-aece-9af9be5b63b9,G,2,1,C,3,1
6,4,4,C,1,1,dominant,4,f762f5ba-dc7c-4664-a49f-c58fe8d478e2,C,3,1,F,2,1
6,4,4,F,1,1,major-seventh,4,315ddb4e-829f-441e-991f-fda509382b70,F,2,1,F,3,1
6,4,4,F,1,1,major-seventh,4,d5c7bc6f-abdd-48a2-b729-e982db8dfe12,F,3,1,G,2,0
-1,4,4,G,0,1,minor-seventh,4,c515b9e7-891f-4bfd-a9b5-121061631270,G,2,0,C,3,0
-1,4,4,C,0,1,dominant,4,0a79ba97-8ce2-4910-ae9e-82e5da62268e,C,3,0,F,2,0
-1,4,4,F,0,1,major-seventh,4,bf7caffc-5f3f-43d6-992f-eda7819086d5,F,2,0,F,3,0
-1,4,4,F,0,1,major-seventh,4,87f6e794-38d9-4196-a621-ff0f7519c0f8,F,3,0,F,2,1
4,4,4,F,1,1,minor-seventh,4,ed68b23d-d48c-4ce1-b77c-a31253aab7ff,F,2,1,B,2,0
4,4,4,B,0,1,dominant,4,392ffae3-795c-4d86-951e-8393169dae9a,B,2,0,E,2,0
4,4,4,E,0,1,major-seventh,4,6b7192e2-8a31-4654-8eaa-4ae22201ac71,E,2,0,E,3,0
4,4,4,E,0,1,major-seventh,4,0c6f978a-d06d-4ad3-b835-188b81022a46,E,3,0,F,3,1
4,4,4,F,1,1,minor-seventh,4,fe640c0d-bc2d-49ca-8cdc-1660283adc57,F,3,1,B,2,0
4,4,4,B,0,1,dominant,4,f14615f3-ec8b-48a4-8714-4660647ae217,B,2,0,E,2,0
4,4,4,E,0,1,major-seventh,4,a60dd760-d1da-4db7-a279-3762f9594162,E,2,0,E,3,0
4,4,4,E,0,1,major-seventh,4,770c0848-a04f-4865-a2dd-ad23eef5ec5f,E,3,0,F,2,0
-3,4,4,F,0,1,minor-seventh,4,713a28bc-df36-40c6-9ca4-ceab7c0092e5,F,2,0,B,2,-1
-3,4,4,B,-1,1,dominant,4,4f7eb20b-6b57-47a0-bbf4-8eae5fcef0da,B,2,-1,E,3,-1
-3,4,4,E,-1,1,major-seventh,4,cc979bbe-33cd-4cce-a35f-90a45958d5c9,E,3,-1,E,3,-1
-3,4,4,E,-1,1,major-seventh,4,f4f446b5-706b-4454-a9c0-116756533fd4,E,3,-1,E,2,0
2,4,4,E,0,1,minor-seventh,4,a7675fae-63f8-4015-b472-399a29bc3bd5,E,2,0,A,2,0
2,4,4,A,0,1,dominant,4,3ab16603-1ee7-4642-85e4-64e288aeb3cd,A,2,0,D,3,0
2,4,4,D,0,1,major-seventh,4,40355e30-afa1-4246-8cb1-8c3cc203e86a,D,3,0,D,3,0
2,4,4,D,0,1,major-seventh,4,3fa08622-b518-4b8d-be9f-7d339a3c50b9,D,3,0,E,3,-1
-5,4,4,E,-1,1,minor-seventh,4,911b5120-2673-45f8-a0cb-ade04750208f,E,3,-1,A,2,-1
-5,4,4,A,-1,1,dominant,4,0d1c1e3d-9de3-4cd3-8c7e-54c5c3a64ee6,A,2,-1,D,3,-1
-5,4,4,D,-1,1,major-seventh,4,6f0247d0-ab24-414e-a346-30119c6bbdc7,D,3,-1,D,3,-1
-5,4,4,D,-1,1,major-seventh,4,784cff48-a8a6-4ab2-b217-aefc35dac151,D,3,-1,D,3,1
7,4,4,D,1,1,minor-seventh,4,2c3abd9a-75c1-4697-8b7a-322f879f16cd,D,3,1,G,2,1
7,4,4,G,1,1,dominant,4,b99b437a-8bba-4cf3-889c-b4dddaa0f1ea,G,2,1,C,3,1
7,4,4,C,1,1,major-seventh,4,b604bed6-4c0e-4712-b072-e842dd1922a3,C,3,1,C,3,1
7,4,4,C,1,1,major-seventh,4,1db62b50-c24e-47cc-975c-8c2dc39e534c,C,3,1,D,3,0
0,4,4,D,0,1,minor-seventh,4,c69399e4-043c-4e82-921c-ce4952fbc6c4,D,3,0,G,3,0
0,4,4,G,0,1,dominant,4,90a8e9da-8ef6-433b-9bf7-50a8d50886e8,G,3,0,C,3,0
0,4,4,C,0,1,major-seventh,4,918fe172-32ef-4c24-947e-4a637ad76b8f,C,3,0,C,3,0
0,4,4,C,0,1,major-seventh,4,30ff8141-1892-4b4d-b53c-80e152bf05a7,C,3,0,C,3,1
5,4,4,C,1,1,minor-seventh,4,bacb6d6c-7787-4de4-987e-468acf3b1ec9,C,3,1,F,3,1
5,4,4,F,1,1,dominant,4,e82e53de-6de1-47a2-b27c-b3739f986498,F,3,1,B,2,0
5,4,4,B,0,1,major-seventh,4,3a1d795d-8573-492d-8dc3-5bfd848add2e,B,2,0,B,2,0
5,4,4,B,0,1,major-seventh,4,33a46c46-c65d-48fc-b173-3ce126c9129e,B,2,0,D,3,-1
-7,4,4,D,-1,1,minor-seventh,4,3960d02d-8055-4a07-9e9d-5f2e6b4f3c08,D,3,-1,G,3,-1
-7,4,4,G,-1,1,dominant,4,3b13715b-f844-4acc-991a-870f9ca3437b,G,3,-1,C,3,-1
-7,4,4,C,-1,1,major-seventh,4,d702be12-1cc2-4652-b7d7-227128f94674,C,3,-1,C,3,-1
-7,4,4,C,-1,1,major-seventh,4,90618ec4-4ecd-4863-aec2-53dbcb6c5c36,C,3,-1,C,3,0
-2,4,4,C,0,1,minor-seventh,4,8dcbe233-8747-4552-80e4-bada5a5caf8c,C,3,0,F,3,0
-2,4,4,F,0,1,dominant,4,21e9bcb3-b950-4ac4-bfb4-d6d118d33f2b,F,3,0,B,2,-1
-2,4,4,B,-1,1,major-seventh,4,2fda96b8-7718-4077-b7f1-0b5a5125966f,B,2,-1,B,2,-1
-2,4,4,B,-1,1,major-seventh,4,c5dc9865-c4f7-4092-81e3-c388dd445617,B,2,-1,B,2,0
3,4,4,B,0,1,minor-seventh,4,e058db0a-290b-4c60-a590-eae0caf00683,B,2,0,E,3,0
3,4,4,E,0,1,dominant,4,3d0ee802-c569-4519-b092-9144c61aa5ab,E,3,0,A,2,0
3,4,4,A,0,1,major-seventh,4,d0ebb63d-15c8-4e3b-a6f6-a6beb772cac0,A,2,0,A,2,0
3,4,4,A,0,1,major-seventh,4,ebe594fd-e2d4-476c-acf7-2f4399edecbf,A,2,0,B,2,-1
-4,4,4,B,-1,1,minor-seventh,4,a2a80c51-1a38-4149-a8ff-282ad116b59d,B,2,-1,E,3,-1
-4,4,4,E,-1,1,dominant,4,9a344f04-d10f-451c-ad86-629f51c808e1,E,3,-1,A,2,-1
-4,4,4,A,-1,1,major-seventh,4,bbc24d7b-9e0d-4608-b1e3-8a67ae2854fd,A,2,-1,A,2,-1
-4,4,4,A,-1,1,major-seventh,4,9ce1ac67-7403-43d4-ab78-985df959f07c,A,2,-1,A,2,0
1,4,4,A,0,1,minor-seventh,4,40f6bd29-d181-4f63-b174-9e25bac2bbd6,A,2,0,D,3,0
1,4,4,D,0,1,dominant,4,1fb732eb-a808-4df8-b8a5-accfcec6aa0b,D,3,0,G,3,0
1,4,4,G,0,1,major-seventh,4,42a8d50e-9cb1-4705-8a24-252a04851762,G,3,0,G,2,0
1,4,4,G,0,1,major-seventh,4,014ffcc8-31c4-4268-b063-88460a3b0d59,G,2,0,A,3,0
1,4,4,A,0,1,minor-seventh,4,b6e6c82a-192a-4c8d-a5e1-3636a992143e,A,3,0,D,3,0
1,4,4,D,0,1,dominant,4,3322366e-778e-4ae3-86e8-1c557e9a5744,D,3,0,G,2,0
1,4,4,G,0,1,major-seventh,4,873bcfd0-a228-4791-a46b-05e6c94fe00a,G,2,0,G,2,0
1,4,4,G,0,1,major-seventh,4,66fd7e78-1f01-4856-bf26-3e5ac5fbb564,G,2,0,A,2,-1
-6,4,4,A,-1,1,minor-seventh,4,ff773efa-42e9-4379-b1b4-4d2340bad49f,A,2,-1,D,3,-1
-6,4,4,D,-1,1,dominant,4,3c53fd0f-421f-45f3-82e8-2eb29bed9e3c,D,3,-1,G,3,-1
-6,4,4,G,-1,1,major-seventh,4,6440c240-3e6c-4657-9dff-83012bdaad5d,G,3,-1,G,2,-1
-6,4,4,G,-1,1,major-seventh,4,e197108b-b076-425e-9daf-471e0c777a96,G,2,-1,A,3,-1
-6,4,4,A,-1,1,minor-seventh,4,2f1cbcf3-0ba3-4eaf-abe5-887b40a086a9,A,3,-1,D,3,-1
-6,4,4,D,-1,1,dominant,4,83d9387b-ede8-41c2-aa9c-2ad75f76cec5,D,3,-1,G,3,-1
-6,4,4,G,-1,1,major-seventh,4,56c35ca0-6dac-4f99-aaed-18bf408d7d0c,G,3,-1,G,2,-1
-6,4,4,G,-1,1,major-seventh,4,a2fae9c8-b1fa-4c8d-80eb-1c58347f53c3,G,2,-1,G,2,1
6,4,4,G,1,1,minor-seventh,4,009b4d60-ec5d-48f9-952c-8bb579028851,G,2,1,C,3,1
6,4,4,C,1,1,dominant,4,203c678f-724d-41da-bdc1-f47d63c267a7,C,3,1,F,3,1
6,4,4,F,1,1,major-seventh,4,fa94acc4-d1db-45f7-980e-818512ce6e43,F,3,1,F,3,1
6,4,4,F,1,1,major-seventh,4,a0c021f5-0b28-4c62-92f7-5ea62aada28a,F,3,1,G,3,1
6,4,4,G,1,1,minor-seventh,4,581a782c-a8c6-4a8f-8f60-d19eeb60d8ed,G,3,1,C,3,1
6,4,4,C,1,1,dominant,4,a61ee42f-15ea-477c-a6d8-cb59d210a3a3,C,3,1,F,2,1
6,4,4,F,1,1,major-seventh,4,9c70eb83-8488-4cc7-8312-e0ec53a03b50,F,2,1,F,3,1
6,4,4,F,1,1,major-seventh,4,d75bb068-680b-4819-a17c-fc0dc0f2818e,F,3,1,G,3,0
-1,4,4,G,0,1,minor-seventh,4,c65f21d9-ec13-4eea-b51c-fee26172fe39,G,3,0,C,3,0
-1,4,4,C,0,1,dominant,4,557df72b-e935-48fe-b5b1-3017f1ba534f,C,3,0,F,3,0
-1,4,4,F,0,1,major-seventh,4,d8892b7d-2d0d-47a0-aaad-25c1769b60ca,F,3,0,F,2,0
-1,4,4,F,0,1,major-seventh,4,0b9521f3-35d9-47cb-9a22-a0f11aab0e17,F,2,0,F,2,1
4,4,4,F,1,1,minor-seventh,4,024f49a2-06f9-45c0-bedb-b5d99b005434,F,2,1,B,2,0
4,4,4,B,0,1,dominant,4,9acd1671-8a28-4379-b323-3aaaef20ca97,B,2,0,E,3,0
4,4,4,E,0,1,major-seventh,4,596d040d-0393-4bf4-a6c0-e277d695bda6,E,3,0,E,2,0
4,4,4,E,0,1,major-seventh,4,040e5cb3-ce68-414b-9774-7292cf48bbfd,E,2,0,F,3,0
-3,4,4,F,0,1,minor-seventh,4,b74e91ec-aa3e-4661-b0a9-9cea0299650f,F,3,0,B,2,-1
-3,4,4,B,-1,1,dominant,4,4f72acc4-1af1-4c21-8592-3b86124026f1,B,2,-1,E,3,-1
-3,4,4,E,-1,1,major-seventh,4,5b34aa76-2bdf-4127-a14c-1a7b27966bac,E,3,-1,E,3,-1
-3,4,4,E,-1,1,major-seventh,4,18074319-4f43-4e6e-bc90-6b59cfd46c8f,E,3,-1,E,3,0
2,4,4,E,0,1,minor-seventh,4,0db5aade-429c-46bb-89ea-67e00821ebcc,E,3,0,A,2,0
2,4,4,A,0,1,dominant,4,36a24506-2f77-448d-b6c8-f49dfb8c46c8,A,2,0,D,3,0
2,4,4,D,0,1,major-seventh,4,8e5c80af-2017-46e1-a8d6-8cf889a3833f,D,3,0,D,3,0
2,4,4,D,0,1,major-seventh,4,b777140f-2ba5-4a24-b4d9-acb694ae2749,D,3,0,E,3,-1
-5,4,4,E,-1,1,minor-seventh,4,5273a14f-a17a-4db7-a5bd-3d2d20854b93,E,3,-1,A,2,-1
-5,4,4,A,-1,1,dominant,4,1086cab9-b9b6-4880-9ffd-abd66f8282c1,A,2,-1,D,3,-1
-5,4,4,D,-1,1,major-seventh,4,62321a72-b92d-4965-9ce9-cb2a2df7676d,D,3,-1,D,3,-1
-5,4,4,D,-1,1,major-seventh,4,c6937658-24d1-4e8d-972c-576e0f59375b,D,3,-1,D,3,1
7,4,4,D,1,1,minor-seventh,4,f8aa2b6f-cfc1-4f84-b2db-afb69ed5dda3,D,3,1,G,2,1
7,4,4,G,1,1,dominant,4,94a14938-c053-4470-884b-46524c459703,G,2,1,C,3,1
7,4,4,C,1,1,major-seventh,4,3fa3ad5d-c421-4ad6-b86c-7bc9707ef420,C,3,1,C,3,1
0,4,4,D,0,1,minor-seventh,4,f77e59d2-b2e9-496e-8631-37ba6d7237d1,D,3,0,D,3,-1
0,4,4,D,-1,1,dominant,4,7acecf69-0483-4478-aa65-ce93bfd4041a,D,3,-1,C,3,0
0,4,4,C,0,1,major-seventh,4,f405d47a-8a3c-4219-a5ee-a240325a66b5,C,3,0,C,3,0
0,4,4,C,0,1,major-seventh,4,7fce23ba-e785-49b5-b039-82f653493be5,C,3,0,C,3,1
5,4,4,C,1,1,minor-seventh,4,bfe9ccc5-0a89-4eac-b4a6-39516e4d977b,C,3,1,C,3,0
5,4,4,C,0,1,dominant,4,7a22d703-76ad-44d4-8bb3-0d29fe63c3fe,C,3,0,B,2,0
5,4,4,B,0,1,major-seventh,4,22bb2f2a-00bc-4749-94ea-7ca03c96e80e,B,2,0,B,2,0
5,4,4,B,0,1,major-seventh,4,63d957b3-3df5-4a11-9dfa-4616d8fef0a2,B,2,0,D,3,-1
-7,4,4,D,-1,1,minor-seventh,4,39dbe290-dc2e-48c9-b525-91664fe64abc,D,3,-1,C,3,0
-7,4,4,C,0,1,dominant,4,52c6beab-58f7-414f-a4a8-751e8aa43283,C,3,0,C,3,-1
-7,4,4,C,-1,1,major-seventh,4,f76906f0-88e5-4932-8ee5-c6d9ce85064f,C,3,-1,C,3,-1
-7,4,4,C,-1,1,major-seventh,4,56ac4202-170e-4536-b030-c2ff4de8e6c8,C,3,-1,C,3,0
-2,4,4,C,0,1,minor-seventh,4,207ab094-d00f-46e0-bb12-87546086b477,C,3,0,B,2,0
-2,4,4,B,0,1,dominant,4,5b866a2b-d662-4904-8872-489b4675ced7,B,2,0,B,2,-1
-2,4,4,B,-1,1,major-seventh,4,8fbe7068-9b59-4a7c-8241-c70ddd58512d,B,2,-1,B,2,-1
-2,4,4,B,-1,1,major-seventh,4,858053ac-7b8c-463d-86fe-943910112881,B,2,-1,C,3,0
-2,4,4,C,0,1,minor-seventh,4,9efd34c3-0841-4dce-b8ed-ac29af11a01d,C,3,0,C,3,-1
-2,4,4,C,-1,1,dominant,4,f52e4be6-f3ec-4358-a220-8ce5c592aa89,C,3,-1,B,2,-1
-2,4,4,B,-1,1,major-seventh,4,8b19312a-1f00-4929-8e80-0d9afdec2d27,B,2,-1,B,2,-1
-2,4,4,B,-1,1,major-seventh,4,b1511e80-45ea-4610-94d8-396234261913,B,2,-1,B,2,0
3,4,4,B,0,1,minor-seventh,4,6a7513cf-7d12-43e1-9509-00597efd44ee,B,2,0,B,2,-1
3,4,4,B,-1,1,dominant,4,ebfb1889-14d1-440d-a9f2-e296f290d7c2,B,2,-1,A,2,0
3,4,4,A,0,1,major-seventh,4,88c08266-2d35-4959-972e-ef60edaec866,A,2,0,A,2,0
3,4,4,A,0,1,major-seventh,4,0436a3c7-5c7c-485f-936c-70f5b8b5bf1d,A,2,0,B,2,-1
-4,4,4,B,-1,1,minor-seventh,4,c559a25a-2f28-42dc-82a4-4bfa3d01f420,B,2,-1,A,2,0
-4,4,4,A,0,1,dominant,4,d43a1b41-d61d-4c3a-ad4f-ef0331049dd0,A,2,0,A,2,-1
-4,4,4,A,-1,1,major-seventh,4,2661d0be-298b-429b-b39c-30604b936186,A,2,-1,A,3,-1
-4,4,4,A,-1,1,major-seventh,4,bea642db-16fe-4b72-a4e6-31a2adf0fccb,A,3,-1,A,2,0
1,4,4,A,0,1,minor-seventh,4,501c8109-2580-48c7-96b5-c80cd8215e10,A,2,0,A,2,-1
1,4,4,A,-1,1,dominant,4,c9e1b84b-30d3-4fd3-8169-423f27beb505,A,2,-1,G,2,0
1,4,4,G,0,1,major-seventh,4,129e5e95-90db-40de-9f32-adbbfc58cd4f,G,2,0,G,3,0
1,4,4,G,0,1,major-seventh,4,0a3faa3e-c017-4424-adf8-c35648696979,G,3,0,A,3,0
1,4,4,A,0,1,minor-seventh,4,1046b3a5-c323-4657-b5a7-45445d595f52,A,3,0,A,2,-1
1,4,4,A,-1,1,dominant,4,b845043c-5db2-46af-b6d5-3f5fa22f42fe,A,2,-1,G,2,0
1,4,4,G,0,1,major-seventh,4,56b346e9-ce5f-4304-a17b-a04a7f985ef4,G,2,0,G,3,0
1,4,4,G,0,1,major-seventh,4,d0a74509-cc05-4510-bb54-68003c35e606,G,3,0,A,2,-1
-6,4,4,A,-1,1,minor-seventh,4,e68c3005-c4d3-43c0-88db-3312ef55f813,A,2,-1,G,2,0
-6,4,4,G,0,1,dominant,4,b007aff9-044c-4b38-b1d1-6f99d3791f28,G,2,0,G,2,-1
-6,4,4,G,-1,1,major-seventh,4,550cda7e-fec0-40d4-b19e-f84cefb4835f,G,2,-1,G,3,-1
-6,4,4,G,-1,1,major-seventh,4,27dc59c0-c2a7-41d7-b44f-5f2a040a16d0,G,3,-1,A,3,-1
-6,4,4,A,-1,1,minor-seventh,4,7cdacea6-4e24-4768-8876-b33315cac851,A,3,-1,G,2,0
-6,4,4,G,0,1,dominant,4,2f40256c-5f0d-432b-8af7-a67dbafec5cc,G,2,0,G,2,-1
-6,4,4,G,-1,1,major-seventh,4,0086c8af-d8f8-47e4-a145-e5e2f3c6f493,G,2,-1,G,3,-1
-6,4,4,G,-1,1,major-seventh,4,178713cc-8cdc-42b5-ba9a-1b1ac4d6d82c,G,3,-1,G,2,1
6,4,4,G,1,1,minor-seventh,4,b6b7e75d-4f8a-4297-b499-58488a085232,G,2,1,G,2,0
6,4,4,G,0,1,dominant,4,739eec24-3c1c-44a8-ac4e-88cc6999c38e,G,2,0,F,2,1
6,4,4,F,1,1,major-seventh,4,c3cf2751-e212-4077-a59c-17206db0e807,F,2,1,F,3,1
6,4,4,F,1,1,major-seventh,4,2912bda3-96e4-47e1-bfff-4f4577e0b696,F,3,1,G,3,1
6,4,4,G,1,1,minor-seventh,4,98de6611-1e67-49d4-b248-c02453747089,G,3,1,G,2,0
6,4,4,G,0,1,dominant,4,915e8428-27fb-4722-99a1-22d097838013,G,2,0,F,2,1
6,4,4,F,1,1,major-seventh,4,39365b68-621d-41a5-87fb-696e2552ae98,F,2,1,F,3,1
6,4,4,F,1,1,major-seventh,4,fe0b6fc7-df4b-44b6-9124-c748fdf3f234,F,3,1,G,2,0
-1,4,4,G,0,1,minor-seventh,4,eec941ec-7fee-4969-90a2-690abfa87d07,G,2,0,G,2,-1
-1,4,4,G,-1,1,dominant,4,6a2179a0-008b-4b33-af19-203b7c3e2ada,G,2,-1,F,2,0
-1,4,4,F,0,1,major-seventh,4,62e14bfd-357e-46ea-ac14-e72a5a26a8d7,F,2,0,F,3,0
-1,4,4,F,0,1,major-seventh,4,b09e2eb9-a507-4678-9a1c-fa0d45a956a9,F,3,0,G,3,0
-1,4,4,G,0,1,minor-seventh,4,4243b792-b43b-4618-aea9-95e30c27ae2c,G,3,0,G,2,-1
-1,4,4,G,-1,1,dominant,4,52894585-dc54-437f-b32e-1bf9163430b9,G,2,-1,F,2,0
-1,4,4,F,0,1,major-seventh,4,36a8bd36-33d4-450a-bf33-3a77bc608a5a,F,2,0,F,3,0
-1,4,4,F,0,1,major-seventh,4,9fc8680f-dc6f-41ad-b5f4-581d4c5eadc6,F,3,0,F,2,1
4,4,4,F,1,1,minor-seventh,4,4d6a6fab-259d-42fe-af2e-16246559e45c,F,2,1,F,2,0
4,4,4,F,0,1,dominant,4,552a42dc-35fe-4729-b4f0-845876b70c0c,F,2,0,E,2,0
4,4,4,E,0,1,major-seventh,4,b6d00fcd-432b-4e12-b694-7dfd335199b5,E,2,0,E,3,0
4,4,4,E,0,1,major-seventh,4,de38d773-0e2c-4672-9fb0-196b70368135,E,3,0,F,3,1
4,4,4,F,1,1,minor-seventh,4,b86308fa-35f6-4bca-8790-03ab967f357e,F,3,1,F,3,0
4,4,4,F,0,1,dominant,4,564971fb-2262-49f3-a897-960ea78682a1,F,3,0,E,2,0
4,4,4,E,0,1,major-seventh,4,aca8a466-fd03-4581-95ec-d7e7e5a44f7e,E,2,0,E,3,0
4,4,4,E,0,1,major-seventh,4,22a089a2-f0c4-4afb-a68e-e698da8f8407,E,3,0,F,2,0
-3,4,4,F,0,1,minor-seventh,4,2ebb4763-6673-43aa-a799-e91a6bfcfda6,F,2,0,E,3,0
-3,4,4,E,0,1,dominant,4,8f0c6b9a-ac17-4517-b72f-4c7ec40a56d4,E,3,0,E,3,-1
-3,4,4,E,-1,1,major-seventh,4,ab02d12b-2cc9-4d77-8712-3d9934728157,E,3,-1,E,3,-1
-3,4,4,E,-1,1,major-seventh,4,21256d21-569d-41f3-9659-66a55801114a,E,3,-1,F,2,0
-3,4,4,F,0,1,minor-seventh,4,cc3b1694-9462-40eb-a359-9631cdc7dee3,F,2,0,F,3,-1
-3,4,4,F,-1,1,dominant,4,a2134133-10cd-416c-bd72-e8cd78861826,F,3,-1,E,3,-1
-3,4,4,E,-1,1,major-seventh,4,9d643354-86d6-472e-ab79-309b40ec4add,E,3,-1,E,3,-1
-3,4,4,E,-1,1,major-seventh,4,6b8dc4c3-c10f-44c3-aebe-60d39d3d5007,E,3,-1,F,3,0
-3,4,4,F,0,1,minor-seventh,4,f6164489-f5d9-4deb-aaf6-393fd9d954d9,F,3,0,F,3,-1
-3,4,4,F,-1,1,dominant,4,1d1e8395-6b11-4e7a-8b83-4c3733d8560e,F,3,-1,E,3,-1
-3,4,4,E,-1,1,major-seventh,4,b2004b63-a5bb-4674-a252-66398eb55415,E,3,-1,E,3,-1
-3,4,4,E,-1,1,major-seventh,4,9bfff070-8fdd-44f3-a2df-3087a4d53637,E,3,-1,E,2,0
2,4,4,E,0,1,minor-seventh,4,119adac4-30dd-4a31-8938-6d7b29c5a948,E,2,0,E,3,-1
2,4,4,E,-1,1,dominant,4,5635c642-a801-42fb-9f3c-f509c9df3e6a,E,3,-1,D,3,0
2,4,4,D,0,1,major-seventh,4,39056094-ad55-47e2-a893-a1de14b01d78,D,3,0,D,3,0
2,4,4,D,0,1,major-seventh,4,8033eb82-26b6-4e81-adcd-473f0d5c378b,D,3,0,E,3,-1
-5,4,4,E,-1,1,minor-seventh,4,82fe512e-2061-4d34-9bff-a5b87f657289,E,3,-1,D,3,0
-5,4,4,D,0,1,dominant,4,eca1fefb-4383-483c-aef1-00605470149c,D,3,0,D,3,-1
-5,4,4,D,-1,1,major-seventh,4,875a9ac8-a0bf-43ab-8640-1248f5b0a416,D,3,-1,D,3,-1
-5,4,4,D,-1,1,major-seventh,4,29eb809b-dff8-4fff-b893-919a755333d9,D,3,-1,D,3,1
7,4,4,D,1,1,minor-seventh,4,47f5307a-99c2-4ea5-84a3-0bac9604c801,D,3,1,D,3,0
7,4,4,D,0,1,dominant,4,40d12ac3-0f0d-4176-9147-431dc0916b59,D,3,0,C,3,1
7,4,4,C,1,1,major-seventh,4,296853bb-c914-4609-8c54-44a064139950,C,3,1,C,3,1
0,4,4,D,0,1,minor-seventh,4,28b18745-5cf1-49dc-b3d7-a19272ec1051,D,3,0,G,3,0
0,4,4,G,0,1,dominant,4,96af274d-e1f7-4d0f-a65f-902fe77231b0,G,3,0,C,3,0
0,4,4,C,0,1,major-seventh,4,e74ba182-ba87-4f13-871e-6cb43005b2e6,C,3,0,A,2,0
0,4,4,A,0,1,minor-seventh,4,571e8f56-de4b-4783-b52b-cf4828fd0471,A,2,0,D,3,0
0,4,4,D,0,1,minor-seventh,4,3d0edf28-1624-4722-b445-44e931f12692,D,3,0,C,3,1
5,4,4,C,1,1,minor-seventh,4,6bfb24d4-5726-48d8-ba20-41dc5396941e,C,3,1,F,3,1
5,4,4,F,1,1,dominant,4,4aaab800-bcff-4c54-ac5e-b9e0dafe09ba,F,3,1,B,2,0
5,4,4,B,0,1,major-seventh,4,b219c098-93f0-4c63-b906-5bffc29c290f,B,2,0,G,2,1
5,4,4,G,1,1,minor-seventh,4,96f5ebe8-9e6c-444f-adbf-edb63c2feb7d,G,2,1,C,3,1
5,4,4,C,1,1,minor-seventh,4,e4b965ab-63d2-4e84-9470-882d72fb935a,C,3,1,D,3,-1
-7,4,4,D,-1,1,minor-seventh,4,2bb2e56d-9347-4b3f-8ff9-79fb276797b0,D,3,-1,G,3,-1
-7,4,4,G,-1,1,dominant,4,3f8ed30b-29e8-49aa-898f-45642a5db3e7,G,3,-1,C,3,-1
-7,4,4,C,-1,1,major-seventh,4,8288a473-8ab2-4384-8e16-b8b396600224,C,3,-1,A,2,-1
-7,4,4,A,-1,1,minor-seventh,4,19e890b4-b9d4-4e66-a00c-09d2cc16e87d,A,2,-1,D,3,-1
-7,4,4,D,-1,1,minor-seventh,4,df53cf5b-aaed-48a6-b509-b7a3ff8fd36d,D,3,-1,C,3,0
-2,4,4,C,0,1,minor-seventh,4,80055525-c1bc-40ef-9c99-3ccc5be24cee,C,3,0,F,3,0
-2,4,4,F,0,1,dominant,4,d5c16edb-469a-4dfb-bd98-685118cc987b,F,3,0,B,2,-1
-2,4,4,B,-1,1,major-seventh,4,ba1bb297-b85a-4f6a-b1fc-31bccf878aa3,B,2,-1,G,2,0
-2,4,4,G,0,1,minor-seventh,4,c3e25398-a75a-4fdc-9a2c-38d8356275be,G,2,0,C,3,0
-2,4,4,C,0,1,minor-seventh,4,8d7f8179-5eec-4530-9e0a-75011b4c2684,C,3,0,B,2,0
3,4,4,B,0,1,minor-seventh,4,3fc17a45-1150-4ac8-83ee-6c7ce7d9043b,B,2,0,E,3,0
3,4,4,E,0,1,dominant,4,8e41bd68-745d-4f5a-af34-6a745836da41,E,3,0,A,2,0
3,4,4,A,0,1,major-seventh,4,97bbd2d6-7b15-42c0-a451-f7768f238e6d,A,2,0,F,2,1
3,4,4,F,1,1,minor-seventh,4,bbdb1f6a-98d6-4097-9c1f-2dcb35687826,F,2,1,B,2,0
3,4,4,B,0,1,minor-seventh,4,2955cfe9-e209-4dae-985d-e6c75b6287d3,B,2,0,B,2,-1
-4,4,4,B,-1,1,minor-seventh,4,20440d92-8597-4a33-a49a-da05c2d211c3,B,2,-1,E,3,-1
-4,4,4,E,-1,1,dominant,4,1476fd57-869c-461e-a029-b2a8a40bb8ea,E,3,-1,A,2,-1
-4,4,4,A,-1,1,major-seventh,4,183b4bb1-9728-460e-831a-bf84dd8c2ce5,A,2,-1,F,3,0
-4,4,4,F,0,1,minor-seventh,4,493c3289-ea63-4f8f-a663-841f1e42e299,F,3,0,B,2,-1
-4,4,4,B,-1,1,minor-seventh,4,9849a62d-835e-467d-b7bc-12826fe795d9,B,2,-1,A,2,0
1,4,4,A,0,1,minor-seventh,4,8e9a854a-27bf-48aa-b512-c2c57f70a203,A,2,0,D,3,0
1,4,4,D,0,1,dominant,4,abef4e5a-1751-4b6f-a8e5-f51631828df1,D,3,0,G,2,0
1,4,4,G,0,1,major-seventh,4,3b53bb8f-85ca-4974-862f-d0e6cdaa3afc,G,2,0,E,3,0
1,4,4,E,0,1,minor-seventh,4,f93ba0b2-0afb-4713-a3bf-8cb70823008a,E,3,0,A,2,0
1,4,4,A,0,1,minor-seventh,4,2683e3fc-10cd-43d8-a849-4dc973f4d869,A,2,0,D,3,0
1,4,4,D,0,1,dominant,4,cf6a4ad8-3a88-4ad0-8668-fcc2c65c2485,D,3,0,G,3,0
1,4,4,G,0,1,major-seventh,4,085951a8-5f13-43d5-9580-d55066ecf6dc,G,3,0,E,3,0
1,4,4,E,0,1,minor-seventh,4,f7633d9f-919b-4abc-8181-b6f0d4e165a2,E,3,0,A,2,0
1,4,4,A,0,1,minor-seventh,4,bef90070-8319-4c83-a408-868f04b4248a,A,2,0,A,2,-1
-6,4,4,A,-1,1,minor-seventh,4,dfa48480-e9c5-4e5d-af36-94fcfe02a5b5,A,2,-1,D,3,-1
-6,4,4,D,-1,1,dominant,4,1b8a596b-a5fd-415d-a2e1-e786f388c117,D,3,-1,G,2,-1
-6,4,4,G,-1,1,major-seventh,4,71718026-358c-468f-a08f-681912bd37c1,G,2,-1,E,3,-1
-6,4,4,E,-1,1,minor-seventh,4,b5968157-2e61-40bf-8573-445563d0ddd1,E,3,-1,A,2,-1
-6,4,4,A,-1,1,minor-seventh,4,3d90820f-bc51-4947-9828-5b92ae0933cd,A,2,-1,D,3,-1
-6,4,4,D,-1,1,dominant,4,a2e387f7-6915-4374-b56b-69a504f1db7c,D,3,-1,G,3,-1
-6,4,4,G,-1,1,major-seventh,4,0761efa7-ac06-4817-85de-e6fe0aa93eeb,G,3,-1,E,3,-1
-6,4,4,E,-1,1,minor-seventh,4,66221bbd-813d-460a-b9ee-dfb5d372c57e,E,3,-1,A,2,-1
-6,4,4,A,-1,1,minor-seventh,4,24aa7beb-fb62-4c6e-93d5-c49334b66c14,A,2,-1,G,2,1
6,4,4,G,1,1,minor-seventh,4,059d8fa7-fc53-4519-8cbf-c65e4b5f93d6,G,2,1,C,3,1
6,4,4,C,1,1,dominant,4,89a47dd1-54c5-478b-9e1e-4e261c6e9389,C,3,1,F,2,1
6,4,4,F,1,1,major-seventh,4,bf032ac6-5092-4ea6-8377-1f30e5e703dd,F,2,1,D,3,1
6,4,4,D,1,1,minor-seventh,4,e5af8a5f-da2d-4f87-a762-7c410af53235,D,3,1,G,2,1
6,4,4,G,1,1,minor-seventh,4,3d741aad-6837-4f7b-8264-b8c8f8564f35,G,2,1,C,3,1
6,4,4,C,1,1,dominant,4,6c99c7eb-3c1b-4419-aa0d-b86883a684d8,C,3,1,F,3,1
6,4,4,F,1,1,major-seventh,4,7d65ebc7-ac81-4acf-8dbe-54d779453e92,F,3,1,D,3,1
6,4,4,D,1,1,minor-seventh,4,4b2ae051-f79a-4c3a-b342-0a985b61e3f0,D,3,1,G,2,1
6,4,4,G,1,1,minor-seventh,4,cd1566ad-a49c-4bbf-8ff5-6149190f47d1,G,2,1,G,2,0
-1,4,4,G,0,1,minor-seventh,4,01598a91-5977-42e0-b010-728b6d2c6b6c,G,2,0,C,3,0
-1,4,4,C,0,1,dominant,4,92956b4c-af1a-40c0-846c-261c59d44df1,C,3,0,F,2,0
-1,4,4,F,0,1,major-seventh,4,038e04f2-cf86-4fd4-9010-c5d43d684afe,F,2,0,D,3,0
-1,4,4,D,0,1,minor-seventh,4,f04d0b74-2d40-45eb-8d04-16491ebca8f6,D,3,0,G,2,0
-1,4,4,G,0,1,minor-seventh,4,0b1ccb6a-b00c-460f-b24b-96767a7c85c8,G,2,0,C,3,0
-1,4,4,C,0,1,dominant,4,c53e9bbd-aaea-452b-b9bc-cc053bac47aa,C,3,0,F,3,0
-1,4,4,F,0,1,major-seventh,4,fa83932d-35eb-4063-a0b1-d620a0a54604,F,3,0,D,3,0
-1,4,4,D,0,1,minor-seventh,4,87e4a470-786e-4e0f-910c-a809760a973d,D,3,0,G,2,0
-1,4,4,G,0,1,minor-seventh,4,03e8a7c9-c639-4039-b2ca-d94556e8cc89,G,2,0,F,2,1
4,4,4,F,1,1,minor-seventh,4,154e1547-f514-45c3-b4b2-a1afac36c89e,F,2,1,B,2,0
4,4,4,B,0,1,dominant,4,60cd31e7-c8c2-4649-8632-88cf46f137f4,B,2,0,E,2,0
4,4,4,E,0,1,major-seventh,4,bbdf2809-69c5-4229-9047-6941bfee759b,E,2,0,C,3,1
4,4,4,C,1,1,minor-seventh,4,56d3f0e1-61e6-402d-8cb0-bef79ced2c4d,C,3,1,F,3,1
4,4,4,F,1,1,minor-seventh,4,7b80e11b-eb70-405a-81e5-d643960dec35,F,3,1,B,2,0
4,4,4,B,0,1,dominant,4,741164e8-6bbc-4971-8eba-472bc579e591,B,2,0,E,3,0
4,4,4,E,0,1,major-seventh,4,fa50ee35-5bc0-434c-a1aa-f90c51fde662,E,3,0,C,3,1
4,4,4,C,1,1,minor-seventh,4,04465844-2a23-4b45-89bb-786b9e34993b,C,3,1,F,2,1
4,4,4,F,1,1,minor-seventh,4,8d64ddea-03d3-450f-828d-7d213be0710f,F,2,1,F,2,0
-3,4,4,F,0,1,minor-seventh,4,796ddc42-1a41-4739-9ab5-b3509032b3a1,F,2,0,B,2,-1
-3,4,4,B,-1,1,dominant,4,85e9b00b-67d8-4286-984b-becba2d2041e,B,2,-1,E,3,-1
-3,4,4,E,-1,1,major-seventh,4,be96197d-9432-4703-87d1-ed9693ddcc20,E,3,-1,C,3,0
-3,4,4,C,0,1,minor-seventh,4,16a651cb-e80f-428b-8c0c-f4e1f9033ddf,C,3,0,F,2,0
-3,4,4,F,0,1,minor-seventh,4,94dae164-f0af-432f-b53c-65040105375f,F,2,0,E,2,0
2,4,4,E,0,1,minor-seventh,4,c6532d13-c94f-4e94-9175-94e2b0f152fe,E,2,0,A,2,0
2,4,4,A,0,1,dominant,4,cfd297b7-10d3-422b-925a-06f74d048ea4,A,2,0,D,3,0
2,4,4,D,0,1,major-seventh,4,25fe5992-1385-483d-a090-ea26e23cc39c,D,3,0,B,2,0
2,4,4,B,0,1,minor-seventh,4,1dcbec11-38d9-4b12-9788-d75dcab46f67,B,2,0,E,3,0
2,4,4,E,0,1,minor-seventh,4,ca1e6f01-adb1-42d7-8f00-323b8a24600d,E,3,0,E,3,-1
-5,4,4,E,-1,1,minor-seventh,4,11ca43e8-bd50-4c8b-b63b-fd1544cb84cb,E,3,-1,A,2,-1
-5,4,4,A,-1,1,dominant,4,d8c68500-eb6f-4605-8924-b80a5c1fec62,A,2,-1,D,3,-1
-5,4,4,D,-1,1,major-seventh,4,b5353481-6034-4123-9da1-29b22c05e922,D,3,-1,B,2,-1
-5,4,4,B,-1,1,minor-seventh,4,a5b70738-b3e1-449f-bdfd-a98fbabde2d3,B,2,-1,E,3,-1
-5,4,4,E,-1,1,minor-seventh,4,dbac4d00-bb48-4da9-8694-e5db03bd45cf,E,3,-1,D,3,1
7,4,4,D,1,1,minor-seventh,4,0afda6e4-d445-4032-b68f-70462c0e329a,D,3,1,G,2,1
7,4,4,G,1,1,dominant,4,24e287aa-03fa-4aca-bbd8-1f8b9a0e867a,G,2,1,C,3,1
7,4,4,C,1,1,major-seventh,4,b2c1b2c2-ecb6-443e-b250-1ee661f5b435,C,3,1,A,2,1
7,4,4,A,1,1,minor-seventh,4,84be9c8b-2a8f-4885-af8f-b6245fa822ed,A,2,1,D,3,1
0,4,4,D,0,2,minor-seventh,8,7c76e929-9aac-4604-96cd-df2b1ae1caaa,D,3,0,G,3,0
0,4,4,G,0,2,dominant,8,e6f450cd-e924-474e-8df1-a11e463d6300,G,3,0,C,3,0
0,4,4,C,0,2,major-seventh,8,370e0400-b127-4ddc-bc2f-786522ba29ba,C,3,0,C,3,0
0,4,4,C,0,2,major-seventh,8,de050661-5b3c-40e6-b8dd-b6cf7ae01f74,C,3,0,C,3,1
5,4,4,C,1,2,minor-seventh,8,0c0bb78c-e4dc-4462-bee5-1d59dc0a970c,C,3,1,F,3,1
5,4,4,F,1,2,dominant,8,9c1e6482-e2f7-423c-ac26-ca6e2b453bb7,F,3,1,B,2,0
5,4,4,B,0,2,major-seventh,8,264fe5c9-1cf7-4950-8fa6-120ba73ac6fc,B,2,0,B,2,0
5,4,4,B,0,2,major-seventh,8,0ec6397b-1ca3-461e-aac0-33f30868252a,B,2,0,D,3,-1
-7,4,4,D,-1,2,minor-seventh,8,ff20fb4a-0d87-4516-894d-eaaf871e7e39,D,3,-1,G,3,-1
-7,4,4,G,-1,2,dominant,8,f4ebe29e-1037-464d-8ae2-2304afc7d6d8,G,3,-1,C,3,-1
-7,4,4,C,-1,2,major-seventh,8,3af46110-f1d1-4730-b0f3-cdee5607fe65,C,3,-1,C,3,-1
-7,4,4,C,-1,2,major-seventh,8,a703cac5-0b60-48d2-bf28-213620604e63,C,3,-1,C,3,0
-2,4,4,C,0,2,minor-seventh,8,30edf0bd-9b01-411a-9a69-6a541abc41d6,C,3,0,F,3,0
-2,4,4,F,0,2,dominant,8,c6e56a74-e8a1-44a0-8d3b-621e1b36158e,F,3,0,B,2,-1
-2,4,4,B,-1,2,major-seventh,8,a67b2ce8-f7bf-4986-8ce2-46eeaed38f6c,B,2,-1,B,2,-1
-2,4,4,B,-1,2,major-seventh,8,2a8bb826-9708-41c0-8cbb-46571ec60641,B,2,-1,B,2,0
3,4,4,B,0,2,minor-seventh,8,3c685795-3f31-443c-934f-3ab5561c2a60,B,2,0,E,3,0
3,4,4,E,0,2,dominant,8,62104876-a26e-4f0d-a429-52bd00a84eea,E,3,0,A,2,0
3,4,4,A,0,2,major-seventh,8,cc7ec6fd-f7e0-4c81-bfe7-3794dcb212a2,A,2,0,A,2,0
3,4,4,A,0,2,major-seventh,8,d07d6b1b-4822-4ae7-b2c8-001e40932f7a,A,2,0,B,2,-1
-4,4,4,B,-1,2,minor-seventh,8,9f2a2525-ffb2-420d-89a5-d421711a8a8f,B,2,-1,E,3,-1
-4,4,4,E,-1,2,dominant,8,bc2aabe0-d286-4177-a4a2-a0474367478d,E,3,-1,A,2,-1
-4,4,4,A,-1,2,major-seventh,8,d8c34c3d-05b0-419a-b580-1c86a5825c97,A,2,-1,A,3,-1
-4,4,4,A,-1,2,major-seventh,8,1970923b-d4cd-4ad3-8250-4ad4d3388201,A,3,-1,A,2,0
1,4,4,A,0,2,minor-seventh,8,fe642231-77f2-4141-be42-9c8ff52ff492,A,2,0,D,3,0
1,4,4,D,0,2,dominant,8,93996da7-73e7-4bf9-8b45-34d1dfe1bee9,D,3,0,G,2,0
1,4,4,G,0,2,major-seventh,8,0ed676d2-aa9d-4131-a973-967a9cb77269,G,2,0,G,3,0
1,4,4,G,0,2,major-seventh,8,736bd606-f8e9-458d-b061-fff0b4eb1e63,G,3,0,A,2,-1
-6,4,4,A,-1,2,minor-seventh,8,b9a31922-18a1-42cd-8bfd-53da7e64e7f9,A,2,-1,D,3,-1
-6,4,4,D,-1,2,dominant,8,d245be5b-503e-41fd-9fec-a8c768e2b6ae,D,3,-1,G,2,-1
-6,4,4,G,-1,2,major-seventh,8,e85a660f-0cf2-41d2-9fb0-2b2562da76ed,G,2,-1,G,3,-1
-6,4,4,G,-1,2,major-seventh,8,878d5b09-a465-4048-bde9-0fed8df56bc1,G,3,-1,G,2,1
6,4,4,G,1,2,minor-seventh,8,39358970-21c9-4e86-92ed-2b68a179fce0,G,2,1,C,3,1
6,4,4,C,1,2,dominant,8,21f2bda9-2d45-40fb-b0ed-2c78d8d2a478,C,3,1,F,2,1
6,4,4,F,1,2,major-seventh,8,dddc70d4-ec99-4910-8068-0e8f470055ad,F,2,1,F,3,1
6,4,4,F,1,2,major-seventh,8,5a9a9dab-7043-4026-961c-6e82ec06c236,F,3,1,G,2,0
-1,4,4,G,0,2,minor-seventh,8,8b0d7170-862e-4987-9592-3e5631781d6f,G,2,0,C,3,0
-1,4,4,C,0,2,dominant,8,96930050-1aa0-4306-b188-ffdbcc437eca,C,3,0,F,2,0
-1,4,4,F,0,2,major-seventh,8,465b4df6-9ead-42dc-b696-c546c791cd22,F,2,0,F,3,0
-1,4,4,F,0,2,major-seventh,8,540dc02b-4c47-448c-9f96-d8c6b693a12b,F,3,0,F,2,1
4,4,4,F,1,2,minor-seventh,8,5972081a-c50f-49cc-8f21-4ffea560eee9,F,2,1,B,2,0
4,4,4,B,0,2,dominant,8,94803d84-2cfc-4088-9e96-b838dca66300,B,2,0,E,2,0
4,4,4,E,0,2,major-seventh,8,938e35a2-bff9-45b3-97a1-32dd86889abd,E,2,0,E,3,0
4,4,4,E,0,2,major-seventh,8,4d13d5c1-c612-4d4d-b844-465d33c02364,E,3,0,F,2,0
-3,4,4,F,0,2,minor-seventh,8,e0ac2297-e987-4b40-8fb9-4c624f3e0b63,F,2,0,B,2,-1
-3,4,4,B,-1,2,dominant,8,77962fe5-773e-4d29-bcc1-a8f1c4571430,B,2,-1,E,3,-1
-3,4,4,E,-1,2,major-seventh,8,43cc6c7d-a5c2-437b-bbfb-1a30abe5d274,E,3,-1,E,3,-1
-3,4,4,E,-1,2,major-seventh,8,bb80649b-c95f-4618-9dee-8b77fa5aea24,E,3,-1,E,2,0
2,4,4,E,0,2,minor-seventh,8,d0f82b0a-58e8-47b3-91b9-23843013c231,E,2,0,A,2,0
2,4,4,A,0,2,dominant,8,bc8dc6d7-4863-469b-9eb9-567e1235208a,A,2,0,D,3,0
2,4,4,D,0,2,major-seventh,8,033211c2-c9d3-4ab6-a2e1-e819db55929c,D,3,0,D,3,0
2,4,4,D,0,2,major-seventh,8,32994883-25ce-4477-986e-a4adcbe74655,D,3,0,E,3,-1
-5,4,4,E,-1,2,minor-seventh,8,519caa71-4288-4483-9e96-9cde9d3f9d1c,E,3,-1,A,2,-1
-5,4,4,A,-1,2,dominant,8,9599e77a-1c66-4e32-a037-aec278adfcde,A,2,-1,D,3,-1
-5,4,4,D,-1,2,major-seventh,8,0189399a-d92c-4c2a-be7c-abf9420da6c0,D,3,-1,D,3,-1
-5,4,4,D,-1,2,major-seventh,8,2742509b-76ad-4e13-b54c-01d4ca77ebfc,D,3,-1,D,3,1
7,4,4,D,1,2,minor-seventh,8,966caa34-93c9-4619-a1ab-4caf4da3dae5,D,3,1,G,2,1
7,4,4,G,1,2,dominant,8,a19ae009-41da-4ce5-b57a-5b2824edde4b,G,2,1,C,3,1
7,4,4,C,1,2,major-seventh,8,ebdef9e3-9c6b-4cf2-99c7-a5ac44513403,C,3,1,C,3,1
0,4,4,D,0,1,minor-seventh,2,38c6a3d1-0b6e-441d-ac31-93882415e67e,D,3,0,G,3,0
0,4,4,G,0,1,dominant,2,53efc28c-b179-4a85-b7e8-b7f22b5bbd7a,G,3,0,C,3,0
0,4,4,C,0,1,major-sixth,2,9a908c9a-d6f9-421e-8f1d-528903399e4d,C,3,0,A,2,0
0,4,4,A,0,1,minor-seventh,2,389263cf-bf24-4602-b83d-f65e80a5d1ea,A,2,0,D,3,0
0,4,4,D,0,1,minor-seventh,2,257f1500-1753-47bc-a5d3-466beb510440,D,3,0,G,3,0
0,4,4,G,0,1,dominant,2,0eceb197-7b1a-4cd3-8b49-06c8db4660b9,G,3,0,C,3,0
0,4,4,C,0,1,major-sixth,4,d01f7157-a95e-4e08-bfb7-46b5d99abe55,C,3,0,C,3,1
5,4,4,C,1,1,minor-seventh,2,01e2d7aa-a329-45dd-ad95-7a8ba044e3c7,C,3,1,F,3,1
5,4,4,F,1,1,dominant,2,848cfbb7-aa3d-4155-83e7-fca9f1ae46a8,F,3,1,B,2,0
5,4,4,B,0,1,major-sixth,2,39f4e83a-1b98-4948-b414-c8d9755d2c11,B,2,0,G,2,1
5,4,4,G,1,1,minor-seventh,2,69bc75e1-e0e2-404a-86c1-19b8f54d3f94,G,2,1,C,3,1
5,4,4,C,1,1,minor-seventh,2,44d34e11-ab6b-4f00-b1bf-14a68b4abd83,C,3,1,F,3,1
5,4,4,F,1,1,dominant,2,cf828509-b67d-4d92-b467-3bdadad46739,F,3,1,B,2,0
5,4,4,B,0,1,major-sixth,4,3468ed00-1e7f-465e-9935-9710fbcd317f,B,2,0,D,3,-1
-7,4,4,D,-1,1,minor-seventh,2,43468247-9197-46b4-a853-4fd5851b35c1,D,3,-1,G,3,-1
-7,4,4,G,-1,1,dominant,2,71c2edf4-a275-4a29-a2e8-e84a48660ab5,G,3,-1,C,3,-1
-7,4,4,C,-1,1,major-sixth,2,5244ca34-47e5-443d-8915-5ace450238d0,C,3,-1,A,2,-1
-7,4,4,A,-1,1,minor-seventh,2,e3f3dbc3-b546-474b-b774-420ca53f0d7a,A,2,-1,D,3,-1
-7,4,4,D,-1,1,minor-seventh,2,d9160aaa-6223-4a77-8175-49196a54c6dd,D,3,-1,G,3,-1
-7,4,4,G,-1,1,dominant,2,5fec0afd-14aa-4782-ad9d-8faae583ee0e,G,3,-1,C,3,-1
-7,4,4,C,-1,1,major-sixth,4,24527e25-2cd5-4626-aa4a-06e3def7f041,C,3,-1,C,3,0
-2,4,4,C,0,1,minor-seventh,2,17fa89b2-6771-46cc-96b9-7cdbefa2afc0,C,3,0,F,3,0
-2,4,4,F,0,1,dominant,2,f0b1353f-42ef-45fa-ba07-cbec7d8ce10c,F,3,0,B,2,-1
-2,4,4,B,-1,1,major-sixth,2,039512bf-ead0-4abc-a799-ed118ad6b58a,B,2,-1,G,2,0
-2,4,4,G,0,1,minor-seventh,2,554a8ae6-b9e9-40ac-a25c-af16bd98b02f,G,2,0,C,3,0
-2,4,4,C,0,1,minor-seventh,2,4ed0d0f8-2fb2-4130-8ac6-6d8840a6cc9a,C,3,0,F,3,0
-2,4,4,F,0,1,dominant,2,52425e0c-4451-44a1-8dd1-30fc37af79a9,F,3,0,B,2,-1
-2,4,4,B,-1,1,major-sixth,4,f8bd8d90-0062-45d9-b5fc-0e394a972d46,B,2,-1,B,2,0
3,4,4,B,0,1,minor-seventh,2,1f7f6320-5a26-4a94-a396-b30bb9d1fa8b,B,2,0,E,3,0
3,4,4,E,0,1,dominant,2,b9258097-6d1a-4a80-a70e-e58be8c2962d,E,3,0,A,2,0
3,4,4,A,0,1,major-sixth,2,7fcea706-1ddd-48f7-8f79-6fdcc7c38c67,A,2,0,F,2,1
3,4,4,F,1,1,minor-seventh,2,b25ac5f2-5a6c-4b44-9998-a1a016844aa3,F,2,1,B,2,0
3,4,4,B,0,1,minor-seventh,2,6518b291-385d-47f5-b46c-55643960f6e7,B,2,0,E,3,0
3,4,4,E,0,1,dominant,2,8081481b-feb7-462a-b03c-7b041b7c8c74,E,3,0,A,2,0
3,4,4,A,0,1,major-sixth,4,e83f4a9b-2a88-4603-a7b5-d72c98620277,A,2,0,B,2,-1
-4,4,4,B,-1,1,minor-seventh,2,114c8fd5-8bd2-4ac6-bd58-fac9bc4df35e,B,2,-1,E,3,-1
-4,4,4,E,-1,1,dominant,2,c8022548-34b1-4571-b7e8-909a24c8a1a7,E,3,-1,A,2,-1
-4,4,4,A,-1,1,major-sixth,2,63165f38-6f75-4de1-abd6-426d252c7a0e,A,2,-1,F,2,0
-4,4,4,F,0,1,minor-seventh,2,683c5b4f-26dc-46bd-a1c6-ba44f32ef22f,F,2,0,B,2,-1
-4,4,4,B,-1,1,minor-seventh,2,d86361f5-70b0-4e86-a7a7-0459435c460a,B,2,-1,E,3,-1
-4,4,4,E,-1,1,dominant,2,11ff1169-e541-4517-911a-5ef91e4e89f2,E,3,-1,A,2,-1
-4,4,4,A,-1,1,major-sixth,4,cafdac9d-d56b-4f04-ae1c-51fa0c871ffc,A,2,-1,A,2,0
1,4,4,A,0,1,minor-seventh,2,681a6560-8109-4fd7-aac8-c7caa5f7caf3,A,2,0,D,3,0
1,4,4,D,0,1,dominant,2,dd09ecf0-fd72-454a-bff4-8288c40f3c7d,D,3,0,G,2,0
1,4,4,G,0,1,major-sixth,2,d97363d3-2a53-4431-a9b4-6865730c1df5,G,2,0,E,2,0
1,4,4,E,0,1,minor-seventh,2,54e49e32-74c3-4849-82fe-23fb88673bc4,E,2,0,A,2,0
1,4,4,A,0,1,minor-seventh,2,2defbe6a-c3bd-4680-890a-a995d735cebd,A,2,0,D,3,0
1,4,4,D,0,1,dominant,2,1ba92f1f-5821-4fdd-ad2a-5cb26fc05257,D,3,0,G,2,0
1,4,4,G,0,1,major-sixth,4,6c557718-bcbb-4c81-a388-2b5307268821,G,2,0,A,2,-1
-6,4,4,A,-1,1,minor-seventh,2,3d763678-fb41-479c-94ef-66466dc58090,A,2,-1,D,3,-1
-6,4,4,D,-1,1,dominant,2,fd95fc46-88e8-43ce-8cc1-3870923203f1,D,3,-1,G,2,-1
-6,4,4,G,-1,1,major-sixth,2,106eeeda-89fe-400c-b4aa-b2cef1f9491a,G,2,-1,E,3,-1
-6,4,4,E,-1,1,minor-seventh,2,628c5f84-846a-4244-86ca-303b29184794,E,3,-1,A,2,-1
-6,4,4,A,-1,1,minor-seventh,2,117e9e22-4f87-4872-9a99-8fe536c8d758,A,2,-1,D,3,-1
-6,4,4,D,-1,1,dominant,2,26a73963-1b34-4aac-9813-0e6dadfaa5d4,D,3,-1,G,2,-1
-6,4,4,G,-1,1,major-sixth,4,2ebe84eb-6eb1-479f-8f14-07a71c49cb94,G,2,-1,G,2,1
6,4,4,G,1,1,minor-seventh,2,b0f657cd-3c87-4918-97e7-6fa1667abd26,G,2,1,C,3,1
6,4,4,C,1,1,dominant,2,387dbcd0-497d-4252-9bd4-75e79186d6ce,C,3,1,F,2,1
6,4,4,F,1,1,major-sixth,2,49a6e75a-4c92-4ecc-ad76-1a9f6ae34af9,F,2,1,D,3,1
6,4,4,D,1,1,minor-seventh,2,3fcad1e1-7382-4d22-bb16-1a4035ec0296,D,3,1,G,2,1
6,4,4,G,1,1,minor-seventh,2,3e24d530-c9c7-44a1-8c3c-a1efeff52547,G,2,1,C,3,1
6,4,4,C,1,1,dominant,2,c7c4c956-c11a-4ab2-8783-884ff2f63ae7,C,3,1,F,2,1
6,4,4,F,1,1,major-sixth,4,dd32f9d3-7a5e-4910-9415-5c23cc2d024d,F,2,1,G,2,0
-1,4,4,G,0,1,minor-seventh,2,e000022b-2dbe-4ea5-8158-344642196700,G,2,0,C,3,0
-1,4,4,C,0,1,dominant,2,7f3faf70-0bd4-45cb-a47b-bad4ba66988f,C,3,0,F,2,0
-1,4,4,F,0,1,major-sixth,2,9fc57e90-de0e-4697-9229-991a5c6d10ed,F,2,0,D,3,0
-1,4,4,D,0,1,minor-seventh,2,cebc2d44-6746-4aed-b87f-9e424ed4aa62,D,3,0,G,2,0
-1,4,4,G,0,1,minor-seventh,2,f1f27a30-5fe5-483f-addc-7f5e8b8ebe5f,G,2,0,C,3,0
-1,4,4,C,0,1,dominant,2,66d8095c-ffcd-4929-9adc-d0ea99279114,C,3,0,F,2,0
-1,4,4,F,0,1,major-sixth,4,c8b92528-2062-4168-b6ad-b3c2d72d4741,F,2,0,F,2,1
4,4,4,F,1,1,minor-seventh,2,4d0887f5-fc77-4bd1-b213-9a47aef4d8e5,F,2,1,B,2,0
4,4,4,B,0,1,dominant,2,17089a35-ed11-4be3-b738-9048306d1603,B,2,0,E,2,0
4,4,4,E,0,1,major-sixth,2,7e55047b-6cc9-421f-81a0-d8e241016c58,E,2,0,C,3,1
4,4,4,C,1,1,minor-seventh,2,4ac7d0e2-12cd-4e04-b36c-2c1f1c100b3f,C,3,1,F,2,1
4,4,4,F,1,1,minor-seventh,2,8ea9c28a-9b81-4f64-8f39-8bfe17f68c8a,F,2,1,B,2,0
4,4,4,B,0,1,dominant,2,54c4daa8-844a-4f80-8e76-91d0fca4645c,B,2,0,E,2,0
4,4,4,E,0,1,major-sixth,4,bf08bb39-3de9-4fde-81e8-ced10fbc3df3,E,2,0,F,2,0
-3,4,4,F,0,1,minor-seventh,2,c38f39c4-5da4-4777-8154-487ef92e255f,F,2,0,B,2,-1
-3,4,4,B,-1,1,dominant,2,59e19bbd-5b62-4ce1-9278-d98380fe2d90,B,2,-1,E,3,-1
-3,4,4,E,-1,1,major-sixth,2,2f68ec0b-53f2-4545-86a3-0f28576203ae,E,3,-1,C,3,0
-3,4,4,C,0,1,minor-seventh,2,d3ca05d3-1202-4faf-ad5f-332bc1c39899,C,3,0,F,2,0
-3,4,4,F,0,1,minor-seventh,2,1573cf13-d099-48dd-bb56-aefcfe838beb,F,2,0,B,2,-1
-3,4,4,B,-1,1,dominant,2,7e9427ae-b60e-4ec5-9aef-1d12313416b5,B,2,-1,E,3,-1
-3,4,4,E,-1,1,major-sixth,4,cf60e384-0f58-4a93-98ab-aba66c19ce69,E,3,-1,F,3,0
-3,4,4,F,0,1,minor-seventh,2,61de9a8a-2f13-4f14-814e-3fc328892de4,F,3,0,B,2,-1
-3,4,4,B,-1,1,dominant,2,b271e1f7-5a8b-4fb2-b2db-0dac8a03c0d0,B,2,-1,E,3,-1
-3,4,4,E,-1,1,major-sixth,2,3e26fc25-c76e-4438-8775-358af32835fc,E,3,-1,C,3,0
-3,4,4,C,0,1,minor-seventh,2,e55bd999-f366-4d16-9c7f-d48ec576e2b6,C,3,0,F,3,0
-3,4,4,F,0,1,minor-seventh,2,66bd8c00-e649-49fd-985a-5f0986006351,F,3,0,B,3,-1
-3,4,4,B,-1,1,dominant,2,7a270fa6-10ad-4194-a352-794a91a15c23,B,3,-1,E,3,-1
-3,4,4,E,-1,1,major-sixth,4,dd053fe8-dde1-47db-94eb-cc91d08cdbf1,E,3,-1,E,2,0
2,4,4,E,0,1,minor-seventh,2,c66d2e79-490f-4959-920a-d3baada14477,E,2,0,A,2,0
2,4,4,A,0,1,dominant,2,0ab7011a-9d33-4641-9ea9-83c6da15ce4f,A,2,0,D,3,0
2,4,4,D,0,1,major-sixth,2,c5d31d51-f022-4844-8f0f-38a1dd6dc6ad,D,3,0,B,2,0
2,4,4,B,0,1,minor-seventh,2,b48181bb-e43f-4993-9d39-9afc120c2a9d,B,2,0,E,2,0
2,4,4,E,0,1,minor-seventh,2,0b3c1690-c965-4a8a-a58c-1de892c37934,E,2,0,A,2,0
2,4,4,A,0,1,dominant,2,2d53c8e0-98db-4931-835b-7c34566636f7,A,2,0,D,3,0
2,4,4,D,0,1,major-sixth,4,3377a834-0921-4dad-8465-f27e2e0d4eca,D,3,0,E,3,0
2,4,4,E,0,1,minor-seventh,2,4f5e8c03-adb1-49c0-b3a0-9a7a4ca0649b,E,3,0,A,3,0
2,4,4,A,0,1,dominant,2,d6d4fa90-44b9-474f-b4b7-45ca26f53712,A,3,0,D,3,0
2,4,4,D,0,1,major-sixth,2,304d35b8-44c2-43d5-9eea-e86d99a5c0d0,D,3,0,B,3,0
2,4,4,B,0,1,minor-seventh,2,847ede2e-aa17-4c2a-8944-8211964b6c66,B,3,0,E,3,0
2,4,4,E,0,1,minor-seventh,2,c283b722-85c9-4e34-80a6-b1e72a057c5f,E,3,0,A,2,0
2,4,4,A,0,1,dominant,2,505e0709-87ba-4fcf-b438-83c7c5093532,A,2,0,D,3,0
2,4,4,D,0,1,major-sixth,4,fa16c7dc-3883-4200-acc3-9a99638a9bfd,D,3,0,E,3,-1
-5,4,4,E,-1,1,minor-seventh,2,43fa1a9d-ad1f-4a98-a6cd-bf6fd19d2d85,E,3,-1,A,2,-1
-5,4,4,A,-1,1,dominant,2,fd801ddf-d9fc-49d8-b85d-acec9dd628b3,A,2,-1,D,3,-1
-5,4,4,D,-1,1,major-sixth,2,72eca25f-41ca-4bca-be18-9dbb2fe04bbe,D,3,-1,B,2,-1
-5,4,4,B,-1,1,minor-seventh,2,f2fddc66-0e88-4477-ac31-c08ca83a9cc4,B,2,-1,E,3,-1
-5,4,4,E,-1,1,minor-seventh,2,17f35126-4e4f-466b-b3d6-edf93ce562a7,E,3,-1,A,2,-1
-5,4,4,A,-1,1,dominant,2,c669ebbc-2505-4262-8e49-581b6b1bfae0,A,2,-1,D,3,-1
-5,4,4,D,-1,1,major-sixth,4,3ce50e1c-9ff0-461b-8658-7ca61170345c,D,3,-1,D,3,1
7,4,4,D,1,1,minor-seventh,2,6ea6c033-034a-46da-9857-3d9634ed317c,D,3,1,G,2,1
7,4,4,G,1,1,dominant,2,213e13e3-4442-4ecf-b335-dbcfcac1d892,G,2,1,C,3,1
7,4,4,C,1,1,major-sixth,2,4dbca198-3e51-4482-8413-b817d36da123,C,3,1,A,2,1
7,4,4,A,1,1,minor-seventh,2,98c8e2bb-b362-4e5e-800b-389c667aca15,A,2,1,D,3,1
7,4,4,D,1,1,minor-seventh,2,eb0af557-6606-404a-9e94-60225167dbdf,D,3,1,G,2,1
7,4,4,G,1,1,dominant,2,bb91d278-a6d5-4268-8146-0b46db96169b,G,2,1,C,3,1
0,4,4,C,0,1,major-seventh,4,4fbf1f20-4042-46ed-affe-841af421661c,C,3,0,D,3,0
0,4,4,D,0,1,minor-seventh,4,d1c5e4fd-7539-40fc-8057-5d205645a3c0,D,3,0,E,3,0
0,4,4,E,0,1,minor-seventh,4,aa2459cb-349a-4498-9e6d-e483a53691aa,E,3,0,F,3,0
0,4,4,F,0,1,major-seventh,4,fc805a84-c360-451d-b96e-6be3623822b6,F,3,0,G,2,0
0,4,4,G,0,1,dominant,4,4996a311-618e-4bd3-b002-5d708f3110a5,G,2,0,A,2,0
0,4,4,A,0,1,minor-seventh,4,51d28fcd-5377-42aa-88de-e8c810c29d9d,A,2,0,B,2,0
0,4,4,B,0,1,half-diminished,4,5ff98456-c96d-4dd7-bfdd-c91ba7e71676,B,2,0,C,3,0
0,4,4,C,0,1,major-seventh,4,affc440c-70f1-4c4b-85b3-0e0dc90f8696,C,3,0,C,3,0
0,4,4,C,0,1,major-seventh,4,332f24bb-d3d5-4f24-b990-fcd5e022ee68,C,3,0,C,3,1
7,4,4,C,1,1,major-seventh,4,18b8bca8-25ae-4979-9fb8-669b82222308,C,3,1,D,3,1
7,4,4,D,1,1,minor-seventh,4,d2522b17-f600-4d93-80f0-e7b9df97d361,D,3,1,E,3,1
7,4,4,E,1,1,minor-seventh,4,8e904e3b-8f98-4ec5-9ca5-be5af6a9aba3,E,3,1,F,3,1
7,4,4,F,1,1,major-seventh,4,9e6d4697-022d-4c35-9c95-839f8f8a2050,F,3,1,G,2,1
7,4,4,G,1,1,dominant,4,b89f0b85-3249-4651-b5e2-9ad01e0d418c,G,2,1,A,2,1
7,4,4,A,1,1,minor-seventh,4,456bbc8f-1ddb-4c02-a68e-39795dea07d7,A,2,1,B,2,1
7,4,4,B,1,1,half-diminished,4,e795a538-270f-4702-89fa-2e20840129d2,B,2,1,C,3,1
7,4,4,C,1,1,major-seventh,4,72a9e0aa-68f4-4c9a-a1ba-adde5d6d5367,C,3,1,C,3,1
7,4,4,C,1,1,major-seventh,4,e58cbb99-ca6c-4e67-99ca-f30e0df031ba,C,3,1,D,3,-1
-5,4,4,D,-1,1,major-seventh,4,54a4aa53-bac1-4afb-81af-50a93953e41e,D,3,-1,E,3,-1
-5,4,4,E,-1,1,minor-seventh,4,31d52b62-6b3f-447c-9384-665500292334,E,3,-1,F,3,0
-5,4,4,F,0,1,minor-seventh,4,05521dd1-2138-42b8-b33f-9ddd639cabc6,F,3,0,G,3,-1
-5,4,4,G,-1,1,major-seventh,4,e498d2dd-94d3-4450-8837-465939cb69cc,G,3,-1,A,2,-1
-5,4,4,A,-1,1,dominant,4,f11c906d-f8e6-454b-8ea3-254cd62de957,A,2,-1,B,2,-1
-5,4,4,B,-1,1,minor-seventh,4,861c075b-9973-4f94-878e-b0aff7996a6d,B,2,-1,C,3,0
-5,4,4,C,0,1,half-diminished,4,c1f0b479-b1be-44bd-b3ea-b0d25491a5f9,C,3,0,D,3,-1
-5,4,4,D,-1,1,major-seventh,4,443d09b4-ebd7-4e7c-9aad-2bd1fe20fcf6,D,3,-1,D,3,-1
-5,4,4,D,-1,1,major-seventh,4,bb964bcb-9426-4c55-a050-bbae9de13153,D,3,-1,D,3,0
2,4,4,D,0,1,major-seventh,4,99780326-416b-4fc4-ba25-619681e842fd,D,3,0,E,3,0
2,4,4,E,0,1,minor-seventh,4,250411aa-8767-45aa-9b93-deddf6174c9a,E,3,0,F,3,1
2,4,4,F,1,1,minor-seventh,4,518014be-082d-44d9-bf1d-a1d55a812f52,F,3,1,G,3,0
2,4,4,G,0,1,major-seventh,4,84b5fbff-3043-4fee-ad22-53d75a67b45e,G,3,0,A,2,0
2,4,4,A,0,1,dominant,4,6543d5eb-133c-4554-93ff-ce138d8d2cbf,A,2,0,B,2,0
2,4,4,B,0,1,minor-seventh,4,dccd7bb5-2537-4ed1-b426-0b6ade29391c,B,2,0,C,3,1
2,4,4,C,1,1,half-diminished,4,3893f209-2c56-40e6-96cf-96b4ebda4970,C,3,1,D,3,0
2,4,4,D,0,1,major-seventh,4,6bc78471-1e76-438a-a0a5-8ea7baa92727,D,3,0,D,3,0
2,4,4,D,0,1,major-seventh,4,ab3facb6-4f50-4a45-941d-b9fae3b203b7,D,3,0,E,3,-1
-3,4,4,E,-1,1,major-seventh,4,2e33456a-c100-4fbf-be08-7197828e8e7a,E,3,-1,F,3,0
-3,4,4,F,0,1,minor-seventh,4,eb9d3baa-00a0-4766-aea9-40ae815e7fc9,F,3,0,G,3,0
-3,4,4,G,0,1,minor-seventh,4,d261cfe6-a408-4ad5-a605-b9ffc640a2d2,G,3,0,A,3,-1
-3,4,4,A,-1,1,major-seventh,4,676bb7a5-797e-4b51-80d9-e68dd47d5b40,A,3,-1,B,2,-1
-3,4,4,B,-1,1,dominant,4,5115ae1f-8182-43f5-a5eb-205ba948a218,B,2,-1,C,3,0
-3,4,4,C,0,1,minor-seventh,4,71c90112-5407-4c4b-9bcd-d7f03d146da4,C,3,0,D,3,0
-3,4,4,D,0,1,half-diminished,4,bd22f3a9-2c52-4507-9401-4a0314aedc48,D,3,0,E,3,-1
-3,4,4,E,-1,1,major-seventh,4,335c3d1c-c6d0-4d37-a39c-27a394ee330b,E,3,-1,E,3,-1
-3,4,4,E,-1,1,major-seventh,4,a0cc2990-094b-4498-a352-d5bf9be34351,E,3,-1,E,3,0
4,4,4,E,0,1,major-seventh,4,371fa68f-90f9-4607-ab8f-ee6d420c3916,E,3,0,F,3,1
4,4,4,F,1,1,minor-seventh,4,651e365a-45c4-4c34-af5b-3544508848b6,F,3,1,G,3,1
4,4,4,G,1,1,minor-seventh,4,11e60ab3-9e59-4a0c-a655-e306b47ab6b6,G,3,1,A,3,0
4,4,4,A,0,1,major-seventh,4,0710ee2e-b982-414c-b6dc-5781a926014f,A,3,0,B,2,0
4,4,4,B,0,1,dominant,4,4e8992d3-4965-4485-a350-68c64994a27e,B,2,0,C,3,1
4,4,4,C,1,1,minor-seventh,4,ee4ea65b-9ad0-4ece-b353-525eba5bb9c4,C,3,1,D,3,1
4,4,4,D,1,1,half-diminished,4,12de8565-5f93-4450-b8b5-dea9eb54569d,D,3,1,E,2,0
4,4,4,E,0,1,major-seventh,4,23e28471-79fe-44ab-be22-8ece56006806,E,2,0,F,2,1
4,4,4,F,1,1,minor-seventh,4,efa99400-13ed-4023-869e-a7165cd8870d,F,2,1,G,2,1
4,4,4,G,1,1,minor-seventh,4,d4d76a9b-6f78-4d02-9f15-828269873bd6,G,2,1,A,2,0
4,4,4,A,0,1,major-seventh,4,0e419c17-bddd-476e-b620-36bed0899590,A,2,0,B,2,0
4,4,4,B,0,1,dominant,4,952545fc-23b1-422d-83b1-a6e54219a857,B,2,0,C,3,1
4,4,4,C,1,1,minor-seventh,4,d5b1ef5e-c985-41b4-a014-5841780a126c,C,3,1,D,3,1
4,4,4,D,1,1,half-diminished,4,318137db-5914-45e5-99fb-2723f8a8ac60,D,3,1,E,3,0
4,4,4,E,0,1,major-seventh,4,763ab928-3f98-40b5-bfbf-afdc00cd15ec,E,3,0,E,3,0
4,4,4,E,0,1,major-seventh,4,fb530d44-0f28-4b01-a9e8-15e42912b527,E,3,0,F,3,0
-1,4,4,F,0,1,major-seventh,4,ccfa625d-4d3c-4cb4-8793-d7a11a069b14,F,3,0,G,3,0
-1,4,4,G,0,1,minor-seventh,4,ff69e0d7-8881-4aec-80c1-4b0bdb405d24,G,3,0,A,3,0
-1,4,4,A,0,1,minor-seventh,4,d9745a07-71c4-4414-a6a8-abd224a8ba4a,A,3,0,B,3,-1
-1,4,4,B,-1,1,major-seventh,4,b706d575-c3ee-48d6-b276-0607e18d9214,B,3,-1,C,3,0
-1,4,4,C,0,1,dominant,4,ad913cc9-47ef-4801-8aba-fb64097ff13a,C,3,0,D,3,0
-1,4,4,D,0,1,minor-seventh,4,6b7d956d-9bdc-4cc1-ad1a-66b4626306a7,D,3,0,E,3,0
-1,4,4,E,0,1,half-diminished,4,4ae0ba77-18ea-42f5-b5b8-cc5b15786f33,E,3,0,F,2,0
-1,4,4,F,0,1,major-seventh,4,6f9a9992-2dbb-4904-baea-153a3835957d,F,2,0,G,2,0
-1,4,4,G,0,1,minor-seventh,4,e8314b29-a4c6-46bc-a618-d8951fb64970,G,2,0,A,2,0
-1,4,4,A,0,1,minor-seventh,4,475e1b05-0c62-46ed-9969-3c4ca010e38f,A,2,0,B,2,-1
-1,4,4,B,-1,1,major-seventh,4,e77d254d-3c0b-4973-b87a-535c1f19d824,B,2,-1,C,3,0
-1,4,4,C,0,1,dominant,4,ebb98f72-63f5-454e-8a7c-9a3626f7f180,C,3,0,D,3,0
-1,4,4,D,0,1,minor-seventh,4,c7b0cc46-00a0-4a7c-a7b1-d10a22b7e52b,D,3,0,E,2,0
-1,4,4,E,0,1,half-diminished,4,7c00b341-857b-4e1a-bf07-a81bd3c0dd4d,E,2,0,F,2,0
-1,4,4,F,0,1,major-seventh,4,63c4d48a-7e51-464f-988c-af2e986647a1,F,2,0,F,3,0
-1,4,4,F,0,1,major-seventh,4,afc01629-b691-4a51-a533-a2fa0bcec355,F,3,0,F,3,1
6,4,4,F,1,1,major-seventh,4,018f3802-3de6-4003-8305-2925ab224682,F,3,1,G,3,1
6,4,4,G,1,1,minor-seventh,4,5148e481-3dc0-4e9d-afac-82992eea17da,G,3,1,A,3,1
6,4,4,A,1,1,minor-seventh,4,87953ca3-a5cd-4fab-9627-876c427a62b6,A,3,1,B,3,0
6,4,4,B,0,1,major-seventh,4,fd93c66d-9c14-420e-a876-ec32edbef9e2,B,3,0,C,3,1
6,4,4,C,1,1,dominant,4,32dcd59a-9d82-4a82-be48-55cd6c4eaaad,C,3,1,D,3,1
6,4,4,D,1,1,minor-seventh,4,5f8cdf23-bdab-458a-b48f-8f8dce08a145,D,3,1,E,3,1
6,4,4,E,1,1,half-diminished,4,c50f8e25-9b19-49d5-a038-839feba54100,E,3,1,F,3,1
6,4,4,F,1,1,major-seventh,4,38d78c50-2f14-4447-9bcf-2e494c7317e7,F,3,1,F,3,1
6,4,4,F,1,1,major-seventh,4,a1054a19-1e29-40df-923e-cdde97ffcdc1,F,3,1,G,3,-1
-6,4,4,G,-1,1,major-seventh,4,a522c7be-cedf-4d75-9be2-21eea0ac4857,G,3,-1,A,3,-1
-6,4,4,A,-1,1,minor-seventh,4,3a7988e5-60fb-4bf0-b41f-05fe0eb87549,A,3,-1,B,3,-1
-6,4,4,B,-1,1,minor-seventh,4,80aa098c-0f41-49e3-a18f-e7d541b742f8,B,3,-1,C,4,-1
-6,4,4,C,-1,1,major-seventh,4,3bc94273-b40a-400b-927b-7a8686f66eb8,C,4,-1,D,3,-1
-6,4,4,D,-1,1,dominant,4,afaf108a-ffbf-49d9-94b7-95d678e1041e,D,3,-1,E,3,-1
-6,4,4,E,-1,1,minor-seventh,4,c07cbf51-2332-4f45-9ae0-0ee460ca0a42,E,3,-1,F,3,0
-6,4,4,F,0,1,half-diminished,4,fa6f6eb0-e5a5-4408-a7d8-dfad412cd43f,F,3,0,G,3,-1
-6,4,4,G,-1,1,major-seventh,4,4fba2bb2-88f7-4386-9835-4092556b8fe9,G,3,-1,G,3,-1
-6,4,4,G,-1,1,major-seventh,4,466a55a5-226e-48ff-8b48-18f78b241ccf,G,3,-1,G,3,0
1,4,4,G,0,1,major-seventh,4,1ff7179b-829a-4970-bc01-2d5852ac55b8,G,3,0,A,3,0
1,4,4,A,0,1,minor-seventh,4,09866471-3a66-4192-9ed5-d7c878b2ec3d,A,3,0,B,3,0
1,4,4,B,0,1,minor-seventh,4,4413f994-45cf-489a-baf3-db46e1a5df59,B,3,0,C,4,0
1,4,4,C,0,1,major-seventh,4,7f09171b-9c1b-4122-9803-d28a96dae8b7,C,4,0,D,3,0
1,4,4,D,0,1,dominant,4,eb72c5ab-11d0-4b96-908d-cb1d463b5065,D,3,0,E,3,0
1,4,4,E,0,1,minor-seventh,4,9b4d0161-6645-4095-bccf-db20afc56737,E,3,0,F,3,1
1,4,4,F,1,1,half-diminished,4,2567d3bc-0759-40dc-847e-584e1a79f99f,F,3,1,G,3,0
1,4,4,G,0,1,major-seventh,4,2c9e52d3-1585-4b82-a8da-b9096aa38412,G,3,0,G,3,0
1,4,4,G,0,1,major-seventh,4,894f731d-caaf-4227-94f1-fe730f3b16ec,G,3,0,A,2,-1
-4,4,4,A,-1,1,major-seventh,4,0e436906-cbd8-4ac3-a575-2e281f08f688,A,2,-1,B,2,-1
-4,4,4,B,-1,1,minor-seventh,4,253c4a0f-b40e-4773-82ee-229cde2cf17c,B,2,-1,C,3,0
-4,4,4,C,0,1,minor-seventh,4,d4095060-e7d4-421b-b595-270127a844c5,C,3,0,D,3,-1
-4,4,4,D,-1,1,major-seventh,4,59cc023e-8d4c-4680-91b1-865d9b12b07d,D,3,-1,E,3,-1
-4,4,4,E,-1,1,dominant,4,07438d9b-e9b1-48e3-9163-2f54866711e4,E,3,-1,F,2,0
-4,4,4,F,0,1,minor-seventh,4,83caeb56-3c90-4e4e-82b4-1859085b571a,F,2,0,G,2,0
-4,4,4,G,0,1,half-diminished,4,4173ea63-6ded-43ff-92ce-a60dc4e62e3a,G,2,0,A,3,-1
-4,4,4,A,-1,1,major-seventh,4,5484bd0c-85ed-436d-9746-126517393dd2,A,3,-1,B,2,-1
-4,4,4,B,-1,1,minor-seventh,4,29008f7c-44ef-440e-84ff-dfdef8a6946f,B,2,-1,C,3,0
-4,4,4,C,0,1,minor-seventh,4,6382b4b4-a94d-43de-b480-4048a6e09a60,C,3,0,D,3,-1
-4,4,4,D,-1,1,major-seventh,4,5505edf7-8336-4204-9302-abb735d4bd41,D,3,-1,E,3,-1
-4,4,4,E,-1,1,dominant,4,11493264-77f9-4951-906d-edc495a4fced,E,3,-1,F,2,0
-4,4,4,F,0,1,minor-seventh,4,eab1c567-283e-493c-bddb-64d50cf34ce2,F,2,0,G,2,0
-4,4,4,G,0,1,half-diminished,4,0c1100c8-9201-4f5b-9976-7db817bee29c,G,2,0,A,2,-1
-4,4,4,A,-1,1,major-seventh,4,0a938cdf-749f-42e2-91ce-b1d0a1a3fa2e,A,2,-1,A,2,-1
-4,4,4,A,-1,1,major-seventh,4,b5fb854a-5907-4a64-85c5-083830afb714,A,2,-1,A,2,0
3,4,4,A,0,1,major-seventh,4,aacb16b6-b044-42ed-8078-c50cf76f8295,A,2,0,B,2,0
3,4,4,B,0,1,minor-seventh,4,69df146e-0f24-48e2-84a8-24e74024ca95,B,2,0,C,3,1
3,4,4,C,1,1,minor-seventh,4,9e227b48-50b7-4acb-975a-ab159977a654,C,3,1,D,3,0
3,4,4,D,0,1,major-seventh,4,bb4a850a-364a-447b-a433-9ca2f76ad742,D,3,0,E,3,0
3,4,4,E,0,1,dominant,4,d0aadec9-2f38-46e1-a87c-7d56bdf61732,E,3,0,F,2,1
3,4,4,F,1,1,minor-seventh,4,86edd2b6-5af1-450f-a1b0-79d8ea67bc4e,F,2,1,G,2,1
3,4,4,G,1,1,half-diminished,4,526dacce-cdc6-41c7-b303-d60194e331a4,G,2,1,A,2,0
3,4,4,A,0,1,major-seventh,4,d4b80826-340f-4942-b5bc-252ac81f74c3,A,2,0,A,2,0
3,4,4,A,0,1,major-seventh,4,24b2c2c5-6c55-4d2e-a3d4-23d4518d017a,A,2,0,B,2,-1
-2,4,4,B,-1,1,major-seventh,4,627849b9-04b8-4651-b316-a8451e5c8993,B,2,-1,C,3,0
-2,4,4,C,0,1,minor-seventh,4,30e3d7d7-c2e7-4da5-af54-7a69e3e78080,C,3,0,D,3,0
-2,4,4,D,0,1,minor-seventh,4,7f1176e1-5c33-4f55-aceb-56767c2fb3f4,D,3,0,E,3,-1
-2,4,4,E,-1,1,major-seventh,4,58fc5b81-f4f9-4fc3-b22c-605a1399bf9a,E,3,-1,F,3,0
-2,4,4,F,0,1,dominant,4,41251e0c-dad7-4a18-90c9-66425273de17,F,3,0,G,2,0
-2,4,4,G,0,1,minor-seventh,4,bb3184de-0ec8-478d-ac40-309ba826ff84,G,2,0,A,2,0
-2,4,4,A,0,1,half-diminished,4,536ed0f3-5cd6-4c67-88d4-39e88266e5a4,A,2,0,B,2,-1
-2,4,4,B,-1,1,major-seventh,4,38929947-a86b-484c-b4b8-dec03fea4335,B,2,-1,B,2,-1
-2,4,4,B,-1,1,major-seventh,4,1766c732-4506-40bc-b1fa-c6d995feeecc,B,2,-1,B,2,0
5,4,4,B,0,1,major-seventh,4,d4c9dd70-e508-49ff-9c55-11c545302fea,B,2,0,C,3,1
5,4,4,C,1,1,minor-seventh,4,040dc0d2-4c96-470c-8a62-458cd4818968,C,3,1,D,3,1
5,4,4,D,1,1,minor-seventh,4,3ccc08f5-6f1f-4c2a-b46f-cfd422164cb3,D,3,1,E,3,0
5,4,4,E,0,1,major-seventh,4,6b4a7cb5-cd3b-4c0f-9180-e6dd640fe623,E,3,0,F,3,1
5,4,4,F,1,1,dominant,4,90e6c665-1175-483e-b94d-058cb3e2086c,F,3,1,G,2,1
5,4,4,G,1,1,minor-seventh,4,9972bfbe-0819-4c8f-9d40-27c393849e3c,G,2,1,A,2,1
5,4,4,A,1,1,half-diminished,4,e8eea7a9-8edb-4462-892f-6a274f9756f7,A,2,1,B,2,0
5,4,4,B,0,1,major-seventh,4,d8614c39-9152-423f-9ff8-381ed9f80bd9,B,2,0,B,2,0
5,4,4,B,0,1,major-seventh,4,32a35d78-7ea0-4fac-9fac-5442370eaccc,B,2,0,C,3,-1
-7,4,4,C,-1,1,major-seventh,4,4fbfe57a-78f2-4669-9f1d-0b27125006df,C,3,-1,D,3,-1
-7,4,4,D,-1,1,minor-seventh,4,a237c341-5f4b-451f-85b5-865ab776585b,D,3,-1,E,3,-1
-7,4,4,E,-1,1,minor-seventh,4,d9526670-61dc-4208-b6f1-da5ef86d4c59,E,3,-1,F,3,-1
-7,4,4,F,-1,1,major-seventh,4,75858d05-8b98-40e8-87bd-23e1f305a180,F,3,-1,G,3,-1
-7,4,4,G,-1,1,dominant,4,918eb780-7e64-4de0-addd-951f99c0e852,G,3,-1,A,2,-1
-7,4,4,A,-1,1,minor-seventh,4,a02b67d3-036a-42d0-986a-a8a03fa5a490,A,2,-1,B,2,-1
-7,4,4,B,-1,1,half-diminished,4,cb8536c9-09f5-40e4-8b5f-51813a507037,B,2,-1,C,3,-1
-7,4,4,C,-1,1,major-seventh,4,5f684032-4d67-493a-80be-4bb512fb15dc,C,3,-1,C,3,-1
0,4,4,C,0,1,major-sixth,4,e9eefa86-7412-4dc6-bd3c-b5991e77b407,C,3,0,D,3,0
0,4,4,D,0,1,minor-ninth,4,6f887141-b05c-41c3-bc27-ef09c5ee0920,D,3,0,E,3,0
0,4,4,E,0,1,minor-ninth,4,dd2b3eaa-eee9-4fdb-8992-661be7ad8fea,E,3,0,F,3,0
0,4,4,F,0,1,major-seventh,4,871e7378-30f8-43bd-828a-6474314d74bb,F,3,0,G,2,0
0,4,4,G,0,1,dominant-ninth,4,d3b6d778-1f43-4e3e-bc23-9f6fffee1480,G,2,0,A,2,0
0,4,4,A,0,1,minor-ninth,4,50d776d7-fb69-4cce-917d-9d93a4323050,A,2,0,B,2,0
0,4,4,B,0,1,half-diminished,4,7a566a27-cb55-492b-8999-c9c9889f48d0,B,2,0,C,3,0
0,4,4,C,0,1,major-sixth,4,663e6345-76b8-4458-8d2e-06ad66c5e7b6,C,3,0,C,3,0
0,4,4,C,0,1,major-sixth,4,02dea58f-ddb2-43e2-aebd-6223db0a3d8e,C,3,0,C,3,1
7,4,4,C,1,1,major-sixth,4,3fd03c3d-8cd9-4662-a8e1-c6bb2c6cf66d,C,3,1,D,3,1
7,4,4,D,1,1,minor-ninth,4,80e9fdc2-20f8-4957-a161-8317d8f19052,D,3,1,E,3,1
7,4,4,E,1,1,minor-ninth,4,32cd01a0-60ad-4972-a2fa-ed427181982c,E,3,1,F,3,1
7,4,4,F,1,1,major-seventh,4,43468d98-83f2-464d-9dcc-43dd8745738b,F,3,1,G,2,1
7,4,4,G,1,1,dominant-ninth,4,c70603e4-5f7d-4aa5-b3bc-222939375e1f,G,2,1,A,2,1
7,4,4,A,1,1,minor-ninth,4,63f859c4-163e-467b-af91-9b0acf7ad737,A,2,1,B,2,1
7,4,4,B,1,1,half-diminished,4,42d10fa7-6c14-4fac-8e52-41c8b058f4b4,B,2,1,C,3,1
7,4,4,C,1,1,major-sixth,4,ccb724a3-cd4e-4c5d-ac72-cb683b7e2d5e,C,3,1,C,3,1
7,4,4,C,1,1,major-sixth,4,c6c7f62e-2128-4750-8e56-25ff9ad249ab,C,3,1,D,3,-1
-5,4,4,D,-1,1,major-sixth,4,373440a2-a1cd-4361-a467-4e032e971e10,D,3,-1,E,3,-1
-5,4,4,E,-1,1,minor-ninth,4,7a591c35-b24d-4a63-8346-7463e0159954,E,3,-1,F,3,0
-5,4,4,F,0,1,minor-ninth,4,1cfe1c46-3c21-4fc3-85b0-efa80cda4599,F,3,0,G,3,-1
-5,4,4,G,-1,1,major-seventh,4,33fa4b3b-78c2-47db-9d27-61c8756d2230,G,3,-1,A,2,-1
-5,4,4,A,-1,1,dominant-ninth,4,9d36cfa8-abbd-4c4c-bfb4-2c3b81f9a629,A,2,-1,B,2,-1
-5,4,4,B,-1,1,minor-ninth,4,28910c55-f9b3-44ea-bccd-1727b7c63fdf,B,2,-1,C,3,0
-5,4,4,C,0,1,half-diminished,4,23371746-a443-4698-bba1-cfe2565f3622,C,3,0,D,3,-1
-5,4,4,D,-1,1,major-sixth,4,5037be25-da15-49fc-807f-1db5c5054eba,D,3,-1,D,3,-1
-5,4,4,D,-1,1,major-sixth,4,72df3858-9233-4163-950d-85d53fa00fb5,D,3,-1,D,3,0
2,4,4,D,0,1,major-sixth,4,4209621d-4eb0-46e2-a903-97b8d66a0542,D,3,0,E,3,0
2,4,4,E,0,1,minor-ninth,4,79c137ed-088f-4cff-809f-b4fd15c7d5f7,E,3,0,F,3,1
2,4,4,F,1,1,minor-ninth,4,320e8afe-53b0-44a8-8399-23269eba1548,F,3,1,G,3,0
2,4,4,G,0,1,major-seventh,4,20aefb70-4261-4fcc-895c-00de82025d30,G,3,0,A,2,0
2,4,4,A,0,1,dominant-ninth,4,6d1ae738-b0f9-4b55-ae4f-bb0cfaba6cbe,A,2,0,B,2,0
2,4,4,B,0,1,minor-ninth,4,56ffd683-3f51-4601-a135-4e5567b1ae56,B,2,0,C,3,1
2,4,4,C,1,1,half-diminished,4,541066c9-97ce-48d6-956e-d848fe50d84f,C,3,1,D,3,0
2,4,4,D,0,1,major-sixth,4,f5a9880b-1478-4bed-bba4-484b69ebc18a,D,3,0,D,3,0
2,4,4,D,0,1,major-sixth,4,db8deeba-d82d-4254-b672-a22e1c77d9d7,D,3,0,E,3,-1
-3,4,4,E,-1,1,major-sixth,4,2ae49630-41e6-4783-a946-b74f4d90354a,E,3,-1,F,3,0
-3,4,4,F,0,1,minor-ninth,4,bc9c2cde-f5fe-4fd4-afcd-0b26f85c0376,F,3,0,G,3,0
-3,4,4,G,0,1,minor-ninth,4,d2613ff4-8eb5-4de6-99dd-429dd46fa161,G,3,0,A,3,-1
-3,4,4,A,-1,1,major-seventh,4,4d60e183-1064-4d50-9c15-a2c00947514e,A,3,-1,B,2,-1
-3,4,4,B,-1,1,dominant-ninth,4,11808873-8a9e-403a-a923-744b2a0b6c3e,B,2,-1,C,3,0
-3,4,4,C,0,1,minor-ninth,4,766f6058-b745-4267-ace7-0e4997aa4c04,C,3,0,D,3,0
-3,4,4,D,0,1,half-diminished,4,1efbff79-7813-4df3-84f1-672e05f91a66,D,3,0,E,3,-1
-3,4,4,E,-1,1,major-sixth,4,c5d4ad02-94a9-4c47-b263-9d6f8cd0e45c,E,3,-1,F,2,0
-3,4,4,F,0,1,minor-ninth,4,812ddde8-1d80-4d34-982f-09a3bffa9a2d,F,2,0,G,2,0
-3,4,4,G,0,1,minor-ninth,4,7d6c3a7c-ff58-49f9-9808-bf2f6184551d,G,2,0,A,2,-1
-3,4,4,A,-1,1,major-seventh,4,528a6b1f-2ea3-459c-9953-f80eb96fd13c,A,2,-1,B,2,-1
-3,4,4,B,-1,1,dominant-ninth,4,0991a451-3285-4507-b2ac-49eacb047a39,B,2,-1,C,3,0
-3,4,4,C,0,1,minor-ninth,4,2d47a460-1b4e-4e92-aac4-2db9ba3570ce,C,3,0,D,3,0
-3,4,4,D,0,1,half-diminished,4,a89ae25c-1e8a-475b-ae3e-1a6b7aae8ba5,D,3,0,E,3,-1
-3,4,4,E,-1,1,major-sixth,4,d82ca2ec-40ac-47c2-8f6e-ed58f456fca0,E,3,-1,E,3,-1
-3,4,4,E,-1,1,major-sixth,4,710c51c6-9fda-489a-813b-c399b6d96360,E,3,-1,E,3,0
4,4,4,E,0,1,major-sixth,4,1e9efa8f-1754-4ef7-b955-9134c31f344c,E,3,0,F,3,1
4,4,4,F,1,1,minor-ninth,4,337ef566-6fac-4d15-834c-4fabc69bdd52,F,3,1,G,3,1
4,4,4,G,1,1,minor-ninth,4,4e205d8d-42b0-49dc-87b2-af012db42045,G,3,1,A,3,0
4,4,4,A,0,1,major-seventh,4,a3082da6-1735-4f6e-88b6-b5cf5ee3e2d8,A,3,0,B,2,0
4,4,4,B,0,1,dominant-ninth,4,81af6460-f3c6-41f6-b385-6227a51b0048,B,2,0,C,3,1
4,4,4,C,1,1,minor-ninth,4,00c7c589-9dc3-4357-9117-322a8e30a459,C,3,1,D,3,1
4,4,4,D,1,1,half-diminished,4,4969992f-f686-404b-bc54-9028bd858e2d,D,3,1,E,2,0
4,4,4,E,0,1,major-sixth,4,66904c8b-6fa0-4703-b610-090222855352,E,2,0,F,2,1
4,4,4,F,1,1,minor-ninth,4,b10a77e2-d2bd-49fd-8a96-d2f644b402f6,F,2,1,G,2,1
4,4,4,G,1,1,minor-ninth,4,66c0e4a5-ab20-40eb-a6cb-47104a5c330e,G,2,1,A,2,0
4,4,4,A,0,1,major-seventh,4,9b9bba17-228f-46b3-bded-85ef83c4cb4a,A,2,0,B,2,0
4,4,4,B,0,1,dominant-ninth,4,28e54d65-6234-445f-9310-5edd5410d401,B,2,0,C,3,1
4,4,4,C,1,1,minor-ninth,4,5634da5a-b2b5-4108-9782-91e1eef0f0d3,C,3,1,D,3,1
4,4,4,D,1,1,half-diminished,4,813e8eb9-6283-413a-97af-c6617719e7f4,D,3,1,E,3,0
4,4,4,E,0,1,major-sixth,4,bf6ff2db-3886-4792-b57f-d43136b1b690,E,3,0,E,2,0
4,4,4,E,0,1,major-sixth,4,6901195b-0795-41b5-b946-8287b5ded7e1,E,2,0,E,3,0
4,4,4,E,0,1,major-sixth,4,1825e68e-bab1-4f61-b28d-c9cec8847235,E,3,0,E,3,0
4,4,4,E,0,1,major-sixth,4,6d24075c-b06b-4b83-8178-0506abdfbdf9,E,3,0,F,3,0
-1,4,4,F,0,1,major-sixth,4,0e556444-0471-4915-9c6d-363c807bd431,F,3,0,G,3,0
-1,4,4,G,0,1,minor-ninth,4,16d2536d-5f8a-424d-aa54-6138f2d31ef5,G,3,0,A,3,0
-1,4,4,A,0,1,minor-ninth,4,b904b836-8dae-4bb5-98f4-fdd0fa162674,A,3,0,B,3,-1
-1,4,4,B,-1,1,major-seventh,4,7bb63f7d-dc00-4eb9-9d10-2d020e3636dc,B,3,-1,C,3,0
-1,4,4,C,0,1,dominant-ninth,4,31c40e17-a9a6-42b9-8bf1-e4e30ca57f6c,C,3,0,D,3,0
-1,4,4,D,0,1,minor-ninth,4,d175e691-9ddc-4b5f-b134-91e0365e44da,D,3,0,E,3,0
-1,4,4,E,0,1,half-diminished,4,7a80c62d-f419-477c-a62c-5f1fd6ab20a5,E,3,0,F,2,0
-1,4,4,F,0,1,major-sixth,4,a8d20b87-727f-4a0c-a9d3-7f6e5fba9be5,F,2,0,G,2,0
-1,4,4,G,0,1,minor-ninth,4,c637ef1c-ea59-46b4-aed3-a91593ade6cc,G,2,0,A,2,0
-1,4,4,A,0,1,minor-ninth,4,dab2faa6-7b9f-4dde-a73f-b5ca9f6ed28c,A,2,0,B,2,-1
-1,4,4,B,-1,1,major-seventh,4,2d02cc2a-71ef-41eb-b1d8-5426f46bb1ba,B,2,-1,C,3,0
-1,4,4,C,0,1,dominant-ninth,4,0eb52499-4dc3-46e3-8970-3981461334e9,C,3,0,D,3,0
-1,4,4,D,0,1,minor-ninth,4,ee969d4d-b129-4c80-aa38-aea0ef502ff3,D,3,0,E,2,0
-1,4,4,E,0,1,half-diminished,4,980b3ba7-202d-463f-a809-c47a54c5ece3,E,2,0,F,2,0
-1,4,4,F,0,1,major-sixth,4,ea75083a-f28c-4e04-a2f5-72628579d2bd,F,2,0,F,3,0
-1,4,4,F,0,1,major-sixth,4,b0491c9d-6048-4e20-b6a3-8055abc6c126,F,3,0,F,3,0
-1,4,4,F,0,1,major-sixth,4,7db31b99-b0ca-4fcc-b300-f060ad13362d,F,3,0,F,2,0
-1,4,4,F,0,1,major-sixth,4,5cf76924-ea45-4eac-a4fa-bb08efb25d67,F,2,0,F,3,1
6,4,4,F,1,1,major-sixth,4,bcf67b4d-d0ad-498c-95a8-a9e4f4f1e5cd,F,3,1,G,3,1
6,4,4,G,1,1,minor-ninth,4,698cfee5-db1c-49df-ac38-62bbbe73b1bc,G,3,1,A,3,1
6,4,4,A,1,1,minor-ninth,4,d4c6462d-a2fd-46d9-bee2-60dc203bc681,A,3,1,B,3,0
6,4,4,B,0,1,major-seventh,4,15f66442-4178-4419-bc6a-3ba3ae5d336e,B,3,0,C,3,1
6,4,4,C,1,1,dominant-ninth,4,32947035-b558-45b8-8f8d-b74d312ab40e,C,3,1,D,3,1
6,4,4,D,1,1,minor-ninth,4,76beb0bf-eaa7-414d-b8c4-ef8742de1e39,D,3,1,E,3,1
6,4,4,E,1,1,half-diminished,4,53c390de-0407-45cc-99bc-1ee9b547913b,E,3,1,F,2,1
6,4,4,F,1,1,major-sixth,4,07368be3-5e41-4118-8e57-2abb992fd2b4,F,2,1,G,2,1
6,4,4,G,1,1,minor-ninth,4,615cc0a2-6a60-444a-8766-13b408c4fd7e,G,2,1,A,2,1
6,4,4,A,1,1,minor-ninth,4,21dcc61d-31c4-4322-8bd5-4a3d18acb809,A,2,1,B,2,0
6,4,4,B,0,1,major-seventh,4,1f7cd1ff-7a69-408b-8788-cc2732392a4f,B,2,0,C,3,1
6,4,4,C,1,1,dominant-ninth,4,04328052-1e36-4502-a0bd-5c82768f975e,C,3,1,D,3,1
6,4,4,D,1,1,minor-ninth,4,b1bcf772-f250-497f-9ee3-ad6cd0088bfa,D,3,1,E,2,1
6,4,4,E,1,1,half-diminished,4,c5bf032c-c286-4fa3-b3a8-4ac27d3f352a,E,2,1,F,3,1
6,4,4,F,1,1,major-sixth,4,a7e7dd79-d073-4a05-97b3-e6fea9839520,F,3,1,F,2,1
6,4,4,F,1,1,major-sixth,4,8eaa6688-fa7f-4b4a-96ff-f205141bb155,F,2,1,F,3,1
6,4,4,F,1,1,major-sixth,4,89833bcb-7257-4740-8b8e-8b4f50baa9ed,F,3,1,F,3,1
6,4,4,F,1,1,major-sixth,4,b51b8cf6-f153-4c91-a6fe-efd2d12872f8,F,3,1,G,3,-1
-6,4,4,G,-1,1,major-sixth,4,aafd1f3a-b619-47fd-ad88-18a3139540b2,G,3,-1,A,3,-1
-6,4,4,A,-1,1,minor-ninth,4,8e729d42-467c-4ef9-8031-1bd5688213d3,A,3,-1,B,3,-1
-6,4,4,B,-1,1,minor-ninth,4,0e1ab058-a7a0-4317-8b95-74aa4042236f,B,3,-1,C,4,-1
-6,4,4,C,-1,1,major-seventh,4,90b55e55-1a5a-40a1-9496-3bab2fcb70a1,C,4,-1,D,3,-1
-6,4,4,D,-1,1,dominant-ninth,4,2fb4194c-07c9-4ad4-a691-cfddeb134b08,D,3,-1,E,3,-1
-6,4,4,E,-1,1,minor-ninth,4,07bf2acb-b57e-4e67-b29c-f1bef8fff7fc,E,3,-1,F,3,0
-6,4,4,F,0,1,half-diminished,4,a9f3a937-e246-4ee2-b8b2-bbf91063a327,F,3,0,G,2,-1
-6,4,4,G,-1,1,major-sixth,4,a10b0b24-ae8e-4603-86c0-73eaa8c93bfa,G,2,-1,A,2,-1
-6,4,4,A,-1,1,minor-ninth,4,eb9f1fea-9917-4c96-adee-97f7244dbb70,A,2,-1,B,2,-1
-6,4,4,B,-1,1,minor-ninth,4,4dfc228f-32c7-43fb-98fe-23e606a6ee67,B,2,-1,C,3,-1
-6,4,4,C,-1,1,major-seventh,4,dba628cd-92ab-40e9-8a7d-7061c0fdee5c,C,3,-1,D,3,-1
-6,4,4,D,-1,1,dominant-ninth,4,5f463b9d-560c-4ff5-826d-4b1d639241dd,D,3,-1,E,3,-1
-6,4,4,E,-1,1,minor-ninth,4,4053704a-2fdb-4ca5-927e-680715a41dcd,E,3,-1,F,2,0
-6,4,4,F,0,1,half-diminished,4,94c7a823-9c10-431c-af81-832f49a9b405,F,2,0,G,3,-1
-6,4,4,G,-1,1,major-sixth,4,40cc72d8-ff81-4f2f-a072-e75889241e91,G,3,-1,G,2,-1
-6,4,4,G,-1,1,major-sixth,4,7c038d2a-b8b3-48ae-8afa-d8002b0a9941,G,2,-1,G,3,-1
-6,4,4,G,-1,1,major-sixth,4,0533313b-2129-4474-b956-b0a36ddd6f56,G,3,-1,G,3,-1
-6,4,4,G,-1,1,major-sixth,4,e5f9b7de-6d33-4411-bde2-e04f3f72f391,G,3,-1,G,3,0
1,4,4,G,0,1,major-sixth,4,4ca41510-9215-4b40-ae2c-cc3e1547dbdd,G,3,0,A,3,0
1,4,4,A,0,1,minor-ninth,4,f276accb-6767-4abc-8893-ebe6a75b4abf,A,3,0,B,3,0
1,4,4,B,0,1,minor-ninth,4,44717627-b54a-42b1-a516-af981faf1edb,B,3,0,C,4,0
1,4,4,C,0,1,major-seventh,4,8110b609-5639-4738-92ad-f8ebb9d85550,C,4,0,D,3,0
1,4,4,D,0,1,dominant-ninth,4,7ab69aaf-8f82-4b50-9b80-6ca3cbdffb7f,D,3,0,E,3,0
1,4,4,E,0,1,minor-ninth,4,bf5c1e76-0428-4100-9894-ac192fa0c048,E,3,0,F,3,1
1,4,4,F,1,1,half-diminished,4,cfa427be-5785-47e3-81d6-98729c00e468,F,3,1,G,2,0
1,4,4,G,0,1,major-sixth,4,99997ec2-35a9-4658-8d2d-7b0325ac17b1,G,2,0,A,2,0
1,4,4,A,0,1,minor-ninth,4,d1753e3d-86cf-4e2f-bc44-b3fa373e195f,A,2,0,B,2,0
1,4,4,B,0,1,minor-ninth,4,2cd5a87b-afda-4c63-bcd2-d84c86da4219,B,2,0,C,3,0
1,4,4,C,0,1,major-seventh,4,7d1e1eb2-2046-4b30-a6a4-901123da4f2b,C,3,0,D,3,0
1,4,4,D,0,1,dominant-ninth,4,cb481744-f31e-455d-a7aa-de72605a6428,D,3,0,E,2,0
1,4,4,E,0,1,minor-ninth,4,3afb24c7-0598-4150-babb-ec165b7289a3,E,2,0,F,2,1
1,4,4,F,1,1,half-diminished,4,b12fab88-eda2-4e6b-9642-90f5c317808f,F,2,1,G,2,0
1,4,4,G,0,1,major-sixth,4,5b817f2b-bdd8-4446-b0b6-0899e314d607,G,2,0,G,3,0
1,4,4,G,0,1,major-sixth,4,4d5e83e5-1886-48b5-8214-f28b2c774426,G,3,0,G,2,0
1,4,4,G,0,1,major-sixth,4,31fbb543-f386-4a58-b72c-b152d1402c27,G,2,0,G,2,0
1,4,4,G,0,1,major-sixth,4,3bdbe972-f0e2-4371-aadf-e64b7eefd2bb,G,2,0,A,2,-1
-4,4,4,A,-1,1,major-sixth,4,97bfc35a-062d-4d9a-b1e0-6ca115782c5a,A,2,-1,B,2,-1
-4,4,4,B,-1,1,minor-ninth,4,df70c8fd-5183-43a2-a4bd-dbd7a92e039c,B,2,-1,C,3,0
-4,4,4,C,0,1,minor-ninth,4,9acfc9b9-ce9a-4e83-bb21-7ec49a943fbf,C,3,0,D,3,-1
-4,4,4,D,-1,1,major-seventh,4,ee29b5ac-45aa-4805-ac80-484b25b23cb2,D,3,-1,E,3,-1
-4,4,4,E,-1,1,dominant-ninth,4,e6cdfad2-954a-4b73-adb0-3fe06e27154e,E,3,-1,F,2,0
-4,4,4,F,0,1,minor-ninth,4,44eb2dc1-0808-4a89-ac39-2945b2af5dca,F,2,0,G,2,0
-4,4,4,G,0,1,half-diminished,4,7ff74c48-a506-498d-a030-c68cccf41532,G,2,0,A,3,-1
-4,4,4,A,-1,1,major-sixth,4,0712a5f4-1537-4ce4-a52b-9807909448d8,A,3,-1,B,2,-1
-4,4,4,B,-1,1,minor-ninth,4,22f96904-b517-4e60-b167-f60300206319,B,2,-1,C,3,0
-4,4,4,C,0,1,minor-ninth,4,df80b77c-bf13-49ad-8ac0-b991cb2c4e8c,C,3,0,D,3,-1
-4,4,4,D,-1,1,major-seventh,4,af1d870b-31e2-4cb2-9e34-61787d932ef0,D,3,-1,E,3,-1
-4,4,4,E,-1,1,dominant-ninth,4,17930e46-dc28-4d4c-9eb2-c7d810861497,E,3,-1,F,2,0
-4,4,4,F,0,1,minor-ninth,4,8301259f-7277-418f-8f1e-4076c5fbd1e4,F,2,0,G,2,0
-4,4,4,G,0,1,half-diminished,4,d208796d-8a6c-455a-ab3f-77c6ca4622d6,G,2,0,A,2,-1
-4,4,4,A,-1,1,major-sixth,4,153d93a6-b0e9-4d81-8276-41e265058bb9,A,2,-1,A,2,-1
-4,4,4,A,-1,1,major-sixth,4,3f944d7c-1171-4f5c-869f-2580c7c234a5,A,2,-1,A,2,0
3,4,4,A,0,1,major-sixth,4,80019e14-380a-44b8-90b2-f21b7a8423ea,A,2,0,B,2,0
3,4,4,B,0,1,minor-ninth,4,8b0608d3-9ed8-4405-ab3b-0b0a5d30fe45,B,2,0,C,3,1
3,4,4,C,1,1,minor-ninth,4,5a869c64-6e87-4625-b213-f033cccfe101,C,3,1,D,3,0
3,4,4,D,0,1,major-seventh,4,9f871783-e240-4701-aec2-0626051a3df3,D,3,0,E,3,0
3,4,4,E,0,1,dominant-ninth,4,2b05d942-8e97-4dea-8064-e1db1124f60a,E,3,0,F,2,1
3,4,4,F,1,1,minor-ninth,4,509d5f57-d3f1-49d9-9ede-827876d9d295,F,2,1,G,2,1
3,4,4,G,1,1,half-diminished,4,7993d545-fc45-4308-8be0-5bf661189397,G,2,1,A,2,0
3,4,4,A,0,1,major-sixth,4,c1adea21-86a0-4530-9689-945a8db500e7,A,2,0,A,2,0
3,4,4,A,0,1,major-sixth,4,a260a5bf-8f9a-4a20-9801-ee282d11e533,A,2,0,B,2,-1
-2,4,4,B,-1,1,major-sixth,4,cde6d15b-32cf-471f-9013-92144e4c590c,B,2,-1,C,3,0
-2,4,4,C,0,1,minor-ninth,4,a9eecc31-c84a-4a0b-b3d6-5d3cb8e135ab,C,3,0,D,3,0
-2,4,4,D,0,1,minor-ninth,4,69d08bf7-3cd7-4903-b5e2-d5f437664c8c,D,3,0,E,3,-1
-2,4,4,E,-1,1,major-seventh,4,efdeacfa-5c22-4836-b63c-7eb37d9352a6,E,3,-1,F,3,0
-2,4,4,F,0,1,dominant-ninth,4,aa239308-1658-4b44-8dcb-52921174f439,F,3,0,G,2,0
-2,4,4,G,0,1,minor-ninth,4,f1544b56-33f4-401a-9b2b-880f41c8b712,G,2,0,A,2,0
-2,4,4,A,0,1,half-diminished,4,1ed6c3c3-eb73-417e-bcac-7d53374d87c1,A,2,0,B,2,-1
-2,4,4,B,-1,1,major-sixth,4,f4cc0eb9-3c71-4511-b1d0-0055243c5367,B,2,-1,B,2,-1
-2,4,4,B,-1,1,major-sixth,4,4786b43e-4256-4b08-aabb-85f6c249d72d,B,2,-1,B,2,0
5,4,4,B,0,1,major-sixth,4,1b231d72-514c-42e9-94ef-1763d28fb606,B,2,0,C,3,1
5,4,4,C,1,1,minor-ninth,4,0b4136aa-a5fe-4d87-b5fc-547d3ee30852,C,3,1,D,3,1
5,4,4,D,1,1,minor-ninth,4,31ffd9a5-be95-4db3-a858-7a6556755ed8,D,3,1,E,3,0
5,4,4,E,0,1,major-seventh,4,1ec0686d-90ef-471e-900b-e40f662534d0,E,3,0,F,3,1
5,4,4,F,1,1,dominant-ninth,4,f148770f-510d-4e68-bd65-c80fe8a24841,F,3,1,G,2,1
5,4,4,G,1,1,minor-ninth,4,bea99440-bfa2-45dc-8112-6966fcc047e9,G,2,1,A,2,1
5,4,4,A,1,1,half-diminished,4,98b63dda-cc67-4f36-ac1c-02542d24a8ab,A,2,1,B,2,0
5,4,4,B,0,1,major-sixth,4,cfe85e66-d237-40fd-9829-000f9e59a857,B,2,0,B,2,0
5,4,4,B,0,1,major-sixth,4,c1293464-29f7-4dce-a623-d943682b50f6,B,2,0,C,3,-1
-7,4,4,C,-1,1,major-sixth,4,1b2673ab-0a9e-4baa-84dd-cf7dda4cc48f,C,3,-1,D,3,-1
-7,4,4,D,-1,1,minor-ninth,4,63cf50ae-7a07-45a6-9594-2c6e9b5730bb,D,3,-1,E,3,-1
-7,4,4,E,-1,1,minor-ninth,4,98e82622-3c7e-40ad-bb9d-a92fba089985,E,3,-1,F,3,-1
-7,4,4,F,-1,1,major-seventh,4,5618254f-6a6a-4b0e-afca-6f03e3b4044c,F,3,-1,G,3,-1
-7,4,4,G,-1,1,dominant-ninth,4,5e43c95e-2c1f-4ebe-b448-917d592d7b65,G,3,-1,A,2,-1
-7,4,4,A,-1,1,minor-ninth,4,197a161b-243c-4a46-9d05-5a8fb0f25524,A,2,-1,B,2,-1
-7,4,4,B,-1,1,minor-seventh,4,95295437-e04e-40fd-be54-89dbb9abee44,B,2,-1,C,3,-1
-7,4,4,C,-1,1,major-sixth,4,0f6389d9-a983-4e4e-be44-e3f42c57e52f,C,3,-1,C,3,-1
0,4,4,C,0,1,dominant,4,f3113337-bf51-4366-846f-4c95ff29f920,C,3,0,C,4,0
0,4,4,C,0,1,dominant,4,be645f26-1fb9-44d9-9575-1bcaef03e517,C,4,0,C,3,0
0,4,4,C,0,1,dominant,4,3d3e00b4-8c44-46fe-ba1c-e8beebc0f32a,C,3,0,F,2,0
0,4,4,F,0,1,dominant,4,0ef7aec5-7847-4ab3-9529-9cb67017ee93,F,2,0,F,2,0
-1,4,4,F,0,1,dominant,4,86b8b56b-475a-46d5-8bf3-8449c0241ec3,F,2,0,F,3,0
-1,4,4,F,0,1,dominant,4,f389c50b-9dd0-4d61-9ed0-3cedb23e32fd,F,3,0,F,2,0
-1,4,4,F,0,1,dominant,4,7ad716b6-c59d-4bbe-8d62-11a20e5d3371,F,2,0,B,2,-1
-1,4,4,B,-1,1,dominant,4,ed65cbd6-e5bc-49b5-ac2d-9151b26142d0,B,2,-1,B,2,-1
-2,4,4,B,-1,1,dominant,4,e32c439f-c02f-4961-a609-3b032e217a61,B,2,-1,B,3,-1
-2,4,4,B,-1,1,dominant,4,cbf653f6-8d83-4787-8791-85b30b1d15b6,B,3,-1,B,2,-1
-2,4,4,B,-1,1,dominant,4,54554850-82f8-4599-9ff7-1f90fb1865d7,B,2,-1,E,3,-1
-2,4,4,E,-1,1,dominant,4,d71ea15e-838b-4705-944a-b17d7c42dadf,E,3,-1,E,3,-1
-3,4,4,E,-1,1,dominant,4,3214fcc5-6aa1-4c98-bcea-42da5f2c865d,E,3,-1,E,4,-1
-3,4,4,E,-1,1,dominant,4,ab191c5b-f0c3-48a8-a8ec-73f849b9f4ae,E,4,-1,E,3,-1
-3,4,4,E,-1,1,dominant,4,f6f1aa4c-bb0c-41b3-8933-3bc0b9fbdae6,E,3,-1,A,2,-1
-3,4,4,A,-1,1,dominant,4,e0a41a40-1862-4e90-a937-e1b6021cfa1b,A,2,-1,A,2,-1
-4,4,4,A,-1,1,dominant,4,cd2ab3fd-82dc-46be-93d2-31e3d25b9cee,A,2,-1,A,3,-1
-4,4,4,A,-1,1,dominant,4,6f0e7a29-ac82-438d-a041-60105e512674,A,3,-1,A,2,-1
-4,4,4,A,-1,1,dominant,4,7a925b2a-9297-43b4-bf1a-346e907dda69,A,2,-1,D,3,-1
-4,4,4,D,-1,1,dominant,4,bface695-0e83-4f0b-94d4-caaf4e596f53,D,3,-1,D,3,-1
-5,4,4,D,-1,1,dominant,4,e7735602-64a1-4f0a-b16a-4d251f722d54,D,3,-1,D,4,-1
-5,4,4,D,-1,1,dominant,4,19fcf826-debb-4c2d-8c7d-1cdd62d41781,D,4,-1,D,3,-1
-5,4,4,D,-1,1,dominant,4,d708b870-8742-43e8-84dc-7cd4d5e0a603,D,3,-1,G,2,-1
-5,4,4,G,-1,1,dominant,4,22462387-a9f1-4266-ab89-22239a1d3e84,G,2,-1,C,3,1
7,4,4,C,1,1,dominant,4,b1d9cfd7-77bc-46a3-a6a1-9a4879bdc81d,C,3,1,C,4,1
7,4,4,C,1,1,dominant,4,a11e9b36-134f-4bcb-8c9b-8232e74bf7ad,C,4,1,C,3,1
7,4,4,C,1,1,dominant,4,1f2697fd-d2e1-4e26-b5c3-1f578d31ecd4,C,3,1,F,2,1
7,4,4,F,1,1,dominant,4,37397913-b323-49ae-be37-a3c89510ab53,F,2,1,G,2,-1
-6,4,4,G,-1,1,dominant,4,b0a4415c-c97f-4681-9536-ce16d1e6aeb5,G,2,-1,G,3,-1
-6,4,4,G,-1,1,dominant,4,3f3acd80-e66f-48e5-81b5-f6542b916ea4,G,3,-1,G,3,-1
-6,4,4,G,-1,1,dominant,4,89d98ae6-8079-4029-a1ac-14b459dca7c5,G,3,-1,C,3,-1
-6,4,4,C,-1,1,dominant,4,92b350f6-b428-46d8-aa83-9acad04d0e3d,C,3,-1,F,2,1
6,4,4,F,1,1,dominant,4,3738c781-2451-4f23-b660-2d379548fdab,F,2,1,F,3,1
6,4,4,F,1,1,dominant,4,b356d263-0fa7-4fcd-8b38-af5a92f7f1c6,F,3,1,F,3,1
6,4,4,F,1,1,dominant,4,86ecd590-d4e2-4a48-81ea-4815d67f0875,F,3,1,B,2,0
6,4,4,B,0,1,dominant,4,d05da398-0d9f-43b0-8d32-d52a054fe7bb,B,2,0,C,3,-1
-7,4,4,C,-1,1,dominant,4,8dae1912-ddeb-4c06-b376-d8856a3fa04d,C,3,-1,C,4,-1
-7,4,4,C,-1,1,dominant,4,c78e31a5-e987-40d2-99a6-9e86fed76394,C,4,-1,C,4,-1
-7,4,4,C,-1,1,dominant,4,33af19f7-bd63-4930-afe9-0e5e9fb21407,C,4,-1,F,3,-1
-7,4,4,F,-1,1,dominant,4,7e1c0037-b18f-497a-8fec-7ed480b09bb8,F,3,-1,B,2,0
5,4,4,B,0,1,dominant,4,9362933f-40f4-4a19-93b8-c1d6ef1d8205,B,2,0,B,3,0
5,4,4,B,0,1,dominant,4,c601149e-f671-4e6a-81b4-863a7e09813e,B,3,0,B,3,0
5,4,4,B,0,1,dominant,4,4d47a21f-eaba-4f7f-a433-fc601c2e9fdb,B,3,0,E,3,0
5,4,4,E,0,1,dominant,4,7406322f-72ef-42dc-a3c7-af7e7e54bc02,E,3,0,E,2,0
4,4,4,E,0,1,dominant,4,d4ba99e1-1564-4ece-a9c0-902b9f09221b,E,2,0,E,3,0
4,4,4,E,0,1,dominant,4,9a0f691b-14a3-4aa7-9a49-eac4392794c6,E,3,0,E,3,0
4,4,4,E,0,1,dominant,4,554baead-2bb1-4f07-ad4c-d856afb1c6d4,E,3,0,A,2,0
4,4,4,A,0,1,dominant,4,27a49fc9-6785-44dc-af3d-9084f7e211e8,A,2,0,A,2,0
3,4,4,A,0,1,dominant,4,44b4c3e2-d948-4bfb-bb18-ecb672033f21,A,2,0,A,3,0
3,4,4,A,0,1,dominant,4,bb58ecf2-6eda-4c27-8aa1-36cfb66cd67f,A,3,0,A,3,0
3,4,4,A,0,1,dominant,4,4f69d7ee-1403-4212-81f5-5bb129e25ff0,A,3,0,D,3,0
3,4,4,D,0,1,dominant,4,77047c19-6b0e-4fd1-8176-f356483820bf,D,3,0,D,3,0
2,4,4,D,0,1,dominant,4,5ed368bc-3c2c-4e39-b6fa-84dfe6b1acf9,D,3,0,D,4,0
2,4,4,D,0,1,dominant,4,fa7e65fc-0bb0-4601-9d37-eb61fe23658e,D,4,0,D,3,0
2,4,4,D,0,1,dominant,4,4c7a1bf5-6464-415e-82f5-87dc15633fea,D,3,0,G,2,0
2,4,4,G,0,1,dominant,4,a6c9b7ec-695e-4ada-86d6-ee29d5b851bd,G,2,0,G,2,0
1,4,4,G,0,1,dominant,4,4d068d4d-bee6-4d66-854d-0a9b2de5547f,G,2,0,G,3,0
1,4,4,G,0,1,dominant,4,3706658a-08bf-46d4-959a-b941d1017562,G,3,0,G,2,0
1,4,4,G,0,1,dominant,4,bb1af044-db18-4425-aef4-003d5487693b,G,2,0,C,3,0
0,4,4,C,0,1,dominant,4,b6f95e1b-4197-4eb5-9f15-1bc3045bb61c,C,3,0,F,3,0
0,4,4,F,0,1,dominant,4,723644de-cc90-4a32-88ea-86daa8d5d6c1,F,3,0,F,3,0
0,4,4,F,0,1,dominant,4,914b0504-06f2-4029-94b1-aa766bb401e4,F,3,0,C,3,0
0,4,4,C,0,1,dominant,4,db4457a3-783c-453f-8871-628a18ea4de8,C,3,0,G,2,0
0,4,4,G,0,1,dominant,4,73c789cd-8cd8-404b-a688-eae79d081a49,G,2,0,C,3,0
0,4,4,C,0,1,dominant,4,9b4debc4-e2d1-48b1-a9a8-d7be68435262,C,3,0,C,4,0
0,4,4,C,0,1,dominant,4,0abf35c6-d8e4-4ada-8532-1bc115e70f8c,C,4,0,G,3,0
0,4,4,G,0,1,dominant,4,213f9072-9426-47e8-b732-004182c1b1cb,G,3,0,F,3,0
0,4,4,F,0,1,dominant,4,f3f832df-9dff-472a-869b-0ecfa1ba9a4d,F,3,0,G,2,0
0,4,4,G,0,1,dominant,4,9e1997c3-a165-4f89-b837-3fe3e921680f,G,2,0,F,3,0
0,4,4,F,0,1,dominant,4,3d4a579b-68c9-4313-a637-44e108ce9175,F,3,0,C,4,0
0,4,4,C,0,1,dominant,4,fc568686-0045-4e8a-8a9d-5c4b44eda03e,C,4,0,F,3,0
0,4,4,F,0,1,dominant,4,1dd64d75-ea99-4b1a-a485-f7965548e633,F,3,0,C,3,0
0,4,4,C,0,1,dominant,4,35a249ef-5ab6-4d07-832d-7e81afd4883a,C,3,0,F,2,0
0,4,4,F,0,1,dominant,4,b8a315c2-7e2a-421d-be1f-3b2e39d06be8,F,2,0,C,3,0
0,4,4,C,0,1,dominant,4,a4ea7f6e-2ebf-436a-8353-5601b61bcdde,C,3,0,F,2,0
-1,4,4,F,0,1,dominant,4,cb303ce6-b4b2-4abc-a120-efd4c860ef8b,F,2,0,B,2,-1
-1,4,4,B,-1,1,dominant,4,620498ae-1a1f-4d35-963a-965c957fea97,B,2,-1,B,2,-1
-1,4,4,B,-1,1,dominant,4,036d28bf-0a2e-40bd-b286-31653af19ab5,B,2,-1,F,2,0
-1,4,4,F,0,1,dominant,4,17897350-958f-4642-abd2-72395aece882,F,2,0,C,3,0
-1,4,4,C,0,1,dominant,4,329632a9-5d64-489d-bd71-d4dc5c7cb68a,C,3,0,F,2,0
-1,4,4,F,0,1,dominant,4,002f555e-3dc1-4da5-9bbb-2afd99cc321b,F,2,0,F,3,0
-1,4,4,F,0,1,dominant,4,86007551-c9f0-448b-ac76-a916c742b075,F,3,0,C,3,0
-1,4,4,C,0,1,dominant,4,75fb2dc0-8459-44f9-9f04-8bf28ff4ba3e,C,3,0,B,2,-1
-1,4,4,B,-1,1,dominant,4,e7062898-9dc6-4ba8-a5f6-421dc5e516f5,B,2,-1,C,3,0
-1,4,4,C,0,1,dominant,4,b39765a9-a196-4c3e-b61c-8a3118249a64,C,3,0,B,2,-1
-1,4,4,B,-1,1,dominant,4,d4a295c5-5ba7-401f-ae8a-64961cf2b8da,B,2,-1,F,3,0
-1,4,4,F,0,1,dominant,4,0988c7d8-9d71-40a6-82db-fb1140567dbf,F,3,0,B,2,-1
-1,4,4,B,-1,1,dominant,4,4523fae5-fd5c-4a32-88e3-6e7894350ac7,B,2,-1,F,2,0
-1,4,4,F,0,1,dominant,4,7942ba14-4df3-4b34-8fc2-f653f8498feb,F,2,0,B,2,-1
-1,4,4,B,-1,1,dominant,4,3fa0c18b-46a8-4521-8643-7c84adbb8e6b,B,2,-1,F,2,0
-1,4,4,F,0,1,dominant,4,1dacf26b-10e5-4d19-b35f-e5425f4374d5,F,2,0,B,2,-1
-2,4,4,B,-1,1,dominant,4,fcf5afc5-68ff-4885-9089-ee903126ceed,B,2,-1,E,3,-1
-2,4,4,E,-1,1,dominant,4,fe9fa64d-0bd2-491a-b8c0-dc8397bacf27,E,3,-1,E,3,-1
-2,4,4,E,-1,1,dominant,4,a3979256-2c3d-4c9b-b598-3b84b71a0537,E,3,-1,B,2,-1
-2,4,4,B,-1,1,dominant,4,bdb52cd2-fba2-494d-bf9d-18fa4659cac2,B,2,-1,F,3,0
-2,4,4,F,0,1,dominant,4,57aa6ea9-5c07-4656-bc46-97563f6ff222,F,3,0,B,2,-1
-2,4,4,B,-1,1,dominant,4,ee3c40a0-1c73-4845-9e15-4b20a6bbce8f,B,2,-1,B,3,-1
-2,4,4,B,-1,1,dominant,4,8f94dd37-a3c8-467e-b1ea-e2c403731f58,B,3,-1,F,3,0
-2,4,4,F,0,1,dominant,4,4b563fb7-fa95-4e23-931f-e342acf6d07d,F,3,0,E,3,-1
-2,4,4,E,-1,1,dominant,4,e38eb523-2672-4b87-b4da-92e595d82c53,E,3,-1,F,3,0
-2,4,4,F,0,1,dominant,4,2eb83fce-0728-42a1-b2ae-90605150e43f,F,3,0,E,3,-1
-2,4,4,E,-1,1,dominant,4,9f253f8d-345a-4542-9e3e-5eeea55a9405,E,3,-1,B,3,-1
-2,4,4,B,-1,1,dominant,4,fe4b3c82-9cfc-47b4-9b8b-418e170a21b9,B,3,-1,E,3,-1
-2,4,4,E,-1,1,dominant,4,1dbe75ef-82d7-4f5d-ae41-ccc880120192,E,3,-1,B,2,-1
-2,4,4,B,-1,1,dominant,4,bce31d8d-82b3-4ae7-95c9-3efec5b4cc9e,B,2,-1,E,3,-1
-2,4,4,E,-1,1,dominant,4,219169a4-bdf6-4337-ba8b-5ab7fb68811e,E,3,-1,B,2,-1
-2,4,4,B,-1,1,dominant,4,9014daad-1f3f-495e-a913-2022120c8df5,B,2,-1,E,3,-1
-3,4,4,E,-1,1,dominant,4,29d597a5-6dad-4667-932e-12b6c17fb75f,E,3,-1,A,3,-1
-3,4,4,A,-1,1,dominant,4,cf7e21ef-9e1b-4c1d-bddb-2550abde9f36,A,3,-1,A,2,-1
-3,4,4,A,-1,1,dominant,4,e04f5d81-36df-448e-b0f6-c17ed8226f8e,A,2,-1,E,3,-1
-3,4,4,E,-1,1,dominant,4,e72dd468-d2f7-4149-9c28-b410d4fe160a,E,3,-1,B,3,-1
-3,4,4,B,-1,1,dominant,4,357eb929-683a-4a5c-b39d-457019454815,B,3,-1,E,4,-1
-3,4,4,E,-1,1,dominant,4,6cb6dfc4-4cb8-4ccf-99e2-abc544ba4f1e,E,4,-1,B,3,-1
-3,4,4,B,-1,1,dominant,4,265fe842-353c-4bbf-9f10-b28fc0061b2e,B,3,-1,E,3,-1
-3,4,4,E,-1,1,dominant,4,f1ebc065-dac9-4633-8726-f2a6b1240c6a,E,3,-1,E,3,-1
-3,4,4,E,-1,1,dominant,4,1ba39b99-8c50-4556-a3e5-5599bb3159c3,E,3,-1,B,2,-1
-3,4,4,B,-1,1,dominant,4,4b7a9238-0799-4e6d-a0dd-fc95fe84d099,B,2,-1,A,2,-1
-3,4,4,A,-1,1,dominant,4,4f3310d4-5523-49b2-b1d6-f268d2247a24,A,2,-1,B,2,-1
-3,4,4,B,-1,1,dominant,4,088c2f56-09c6-4dae-9786-4592e8968460,B,2,-1,A,3,-1
-3,4,4,A,-1,1,dominant,4,a824edf4-68e7-4ebb-80e3-186431e6aa79,A,3,-1,B,3,-1
-3,4,4,B,-1,1,dominant,4,27cc92dd-8d21-43c1-a30a-46e73931090a,B,3,-1,A,3,-1
-3,4,4,A,-1,1,dominant,4,66d4d720-e571-4564-bcf2-48a224776155,A,3,-1,E,3,-1
-3,4,4,E,-1,1,dominant,4,9a363417-22ac-4bd4-8772-dfe682ac0b6e,E,3,-1,A,2,-1
-3,4,4,A,-1,1,dominant,4,88226b10-018b-4037-ae5b-60d8aedef706,A,2,-1,E,3,-1
-3,4,4,E,-1,1,dominant,4,76027d63-30d7-4fbd-8e29-8df44e83ae51,E,3,-1,A,3,-1
-3,4,4,A,-1,1,dominant,4,9d89769f-55ad-4e73-a5a1-b40accd603b0,A,3,-1,E,4,-1
-3,4,4,E,-1,1,dominant,4,5de8e571-c77a-4e78-ab7e-2e1e1a609c93,E,4,-1,A,3,-1
-3,4,4,A,-1,1,dominant,4,98884668-8093-4794-b4bd-b17a1f09d1cf,A,3,-1,E,3,-1
-3,4,4,E,-1,1,dominant,4,dc51d77a-4873-49c4-9931-64ceba6ac852,E,3,-1,A,2,-1
-4,4,4,A,-1,1,dominant,4,f818c842-4444-4ff4-b919-9e9e86031c7e,A,2,-1,D,3,-1
-4,4,4,D,-1,1,dominant,4,92e56b15-aa70-4956-a4fa-d1915c2c829b,D,3,-1,D,3,-1
-4,4,4,D,-1,1,dominant,4,d9ea33d0-f3dc-4bfe-a791-23aded694b36,D,3,-1,A,2,-1
-4,4,4,A,-1,1,dominant,4,d7a49c68-3809-472c-90d8-3b6fe73f8997,A,2,-1,E,3,-1
-4,4,4,E,-1,1,dominant,4,510fc81a-fd0e-4f50-b764-bbc8e7c68a0f,E,3,-1,A,2,-1
-4,4,4,A,-1,1,dominant,4,df9db4eb-5c96-416f-8903-621b7ddf0dfc,A,2,-1,A,3,-1
-4,4,4,A,-1,1,dominant,4,9b2102f2-7c4e-41d8-a7a8-4e76b548fbcc,A,3,-1,E,3,-1
-4,4,4,E,-1,1,dominant,4,c2134406-27eb-4c9f-9d16-bb26222f0c2a,E,3,-1,D,3,-1
-4,4,4,D,-1,1,dominant,4,a6161fd2-978c-41bc-b454-552f355918e5,D,3,-1,E,3,-1
-4,4,4,E,-1,1,dominant,4,6f208add-2ff5-49ef-8427-712df94cc6a2,E,3,-1,D,3,-1
-4,4,4,D,-1,1,dominant,4,b722b609-9d60-429f-b619-1b2735a3ca15,D,3,-1,A,3,-1
-4,4,4,A,-1,1,dominant,4,3aad21ee-f590-46b8-a4f2-73cd8580e1ef,A,3,-1,D,3,-1
-4,4,4,D,-1,1,dominant,4,dfd6174c-648d-43d5-9b8c-e6c57d464288,D,3,-1,A,2,-1
-4,4,4,A,-1,1,dominant,4,7351831e-cae5-4b69-a598-4fef24d9f93c,A,2,-1,D,3,-1
-4,4,4,D,-1,1,dominant,4,cfbf7a9e-4046-494e-9f35-fb3287808ac7,D,3,-1,A,2,-1
-4,4,4,A,-1,1,dominant,4,0caf8cb8-5d38-4d3c-a47d-72c1432383bd,A,2,-1,D,3,-1
-5,4,4,D,-1,1,dominant,4,3c4072b6-5131-4f52-bce3-6b26af25f87b,D,3,-1,G,3,-1
-5,4,4,G,-1,1,dominant,4,f00f6a3f-0435-41f9-ae50-b2c2087ad755,G,3,-1,G,2,-1
-5,4,4,G,-1,1,dominant,4,b28959d3-0c17-4cf0-aeca-9a8dadc4ebc9,G,2,-1,G,3,-1
-5,4,4,G,-1,1,dominant,4,85b7c3e7-a583-460b-937e-d196434beab0,G,3,-1,G,2,-1
-5,4,4,G,-1,1,dominant,4,a201c43d-a4b6-462b-ad6d-ee43d07ec17e,G,2,-1,D,3,-1
-5,4,4,D,-1,1,dominant,4,85205db4-0959-47a0-afcf-9862daf30939,D,3,-1,A,3,-1
-5,4,4,A,-1,1,dominant,4,034c37af-6928-4978-b208-b0bd8d91cf17,A,3,-1,D,3,-1
-5,4,4,D,-1,1,dominant,4,92038484-8fbf-4ca0-873e-2b7f85c1bb58,D,3,-1,D,4,-1
-5,4,4,D,-1,1,dominant,4,d3f870fd-6557-4bd3-a282-fae570551124,D,4,-1,A,3,-1
-5,4,4,A,-1,1,dominant,4,9c41e77f-2574-4c28-9753-8ff82a3ed2d1,A,3,-1,G,3,-1
-5,4,4,G,-1,1,dominant,4,730e23be-9f5b-4187-a76e-e7675c50466b,G,3,-1,A,3,-1
-5,4,4,A,-1,1,dominant,4,aaa0bdfc-3163-4e3e-8e79-bb90ce8f5903,A,3,-1,G,3,-1
-5,4,4,G,-1,1,dominant,4,bf694e35-0d87-4407-9704-7ab5b53f582c,G,3,-1,D,4,-1
-5,4,4,D,-1,1,dominant,4,450f4e54-5d55-4870-9faf-02a676b08904,D,4,-1,G,3,-1
-5,4,4,G,-1,1,dominant,4,ae51d5e9-455c-4885-8ff7-e8f283fb862d,G,3,-1,D,3,-1
-5,4,4,D,-1,1,dominant,4,9589a1fe-826f-40c4-a5b0-864373474b22,D,3,-1,G,3,-1
-5,4,4,G,-1,1,dominant,4,3a1c28ef-ff94-4b00-980c-e9b5a439445c,G,3,-1,D,3,-1
-5,4,4,D,-1,1,dominant,4,27d34620-d105-4aa2-95fb-1c410a2f8bb4,D,3,-1,C,3,1
7,4,4,C,1,1,dominant,4,bd3c4997-15e8-4f0f-bac4-6cec538963e4,C,3,1,F,3,1
7,4,4,F,1,1,dominant,4,e97f6c47-c153-4bc7-b046-50154fc5cc22,F,3,1,F,2,1
7,4,4,F,1,1,dominant,4,2627114a-0fca-4cb8-89a0-a8a17725d170,F,2,1,F,3,1
7,4,4,F,1,1,dominant,4,26ccbc41-fd32-4682-861e-c79b21069b2c,F,3,1,F,2,1
7,4,4,F,1,1,dominant,4,eb7e97b2-591b-47a4-9fe6-999e03113cbc,F,2,1,C,3,1
7,4,4,C,1,1,dominant,4,cc28ceef-ea2d-420e-a99a-efe85d30d541,C,3,1,G,3,1
7,4,4,G,1,1,dominant,4,4c6b2ce4-6af0-4836-bdd5-a643c0355cf4,G,3,1,C,3,1
7,4,4,C,1,1,dominant,4,27c513d7-3bad-4940-9cd5-fc0681ed6cab,C,3,1,C,4,1
7,4,4,C,1,1,dominant,4,1610642d-7b8f-4b8c-ba83-d7671aedf7fe,C,4,1,G,3,1
7,4,4,G,1,1,dominant,4,a7328179-7133-48d9-95c4-bdfdd0b849b7,G,3,1,F,3,1
7,4,4,F,1,1,dominant,4,0c3bee1d-f3be-47d9-a220-f758ff4b3679,F,3,1,G,3,1
7,4,4,G,1,1,dominant,4,e70f9f87-c890-49bb-865d-573cc5e9198c,G,3,1,F,3,1
7,4,4,F,1,1,dominant,4,1fe29df5-5fea-4ba5-aeeb-40e7b5794e53,F,3,1,C,4,1
7,4,4,C,1,1,dominant,4,c10a854e-56db-4cbf-b505-e906fda87c39,C,4,1,F,3,1
7,4,4,F,1,1,dominant,4,aad0b7f6-4a66-4e99-9629-8687c70d054b,F,3,1,C,3,1
7,4,4,C,1,1,dominant,4,6dddb11f-b812-4771-aecf-bbb7f19abb0c,C,3,1,F,3,1
7,4,4,F,1,1,dominant,4,40913dc5-0d88-475b-9ed7-caa6062184c2,F,3,1,C,3,1
7,4,4,C,1,1,dominant,4,e3a681f9-aa42-4ecc-9f61-6792b6807700,C,3,1,G,2,-1
-6,4,4,G,-1,1,dominant,4,9897c257-f50b-4f48-bec4-5da25cd81970,G,2,-1,C,3,-1
-6,4,4,C,-1,1,dominant,4,ce586641-3285-4eab-adf4-e262fb658b94,C,3,-1,C,3,-1
-6,4,4,C,-1,1,dominant,4,3fea4bca-3a77-43e1-9f89-c92388a2eaef,C,3,-1,G,2,-1
-6,4,4,G,-1,1,dominant,4,18f7a339-a7a5-47ef-9030-8c3b78de8c6a,G,2,-1,D,3,-1
-6,4,4,D,-1,1,dominant,4,5565074d-e489-4174-a205-6a0920a43654,D,3,-1,G,2,-1
-6,4,4,G,-1,1,dominant,4,ce152799-eac6-42a2-bcd7-073119db9396,G,2,-1,G,3,-1
-6,4,4,G,-1,1,dominant,4,edfdfcc3-8bc6-4238-a3c8-d1097ade614d,G,3,-1,D,3,-1
-6,4,4,D,-1,1,dominant,4,ea65f386-05cb-47fd-995a-cbac78c0416b,D,3,-1,C,3,-1
-6,4,4,C,-1,1,dominant,4,9784d027-fde0-4cd6-bbf3-3f30f6739410,C,3,-1,D,3,-1
-6,4,4,D,-1,1,dominant,4,3fd31b03-b92b-497e-97e1-3c5b8d4c1ac8,D,3,-1,C,3,-1
-6,4,4,C,-1,1,dominant,4,6bb719f4-419f-4936-b4e2-d8829b21d587,C,3,-1,G,3,-1
-6,4,4,G,-1,1,dominant,4,71c1de24-f10f-4b37-b2d3-3d74e95cd380,G,3,-1,C,3,-1
-6,4,4,C,-1,1,dominant,4,8cf5950d-7a84-4ef1-82ea-eef8c88c399f,C,3,-1,G,2,-1
-6,4,4,G,-1,1,dominant,4,fb764473-af4a-446e-8d47-54a23147714a,G,2,-1,C,3,-1
-6,4,4,C,-1,1,dominant,4,40c9210d-214e-4dc0-938c-24676bc03ae7,C,3,-1,G,2,-1
-6,4,4,G,-1,1,dominant,4,182babd4-1e1d-4efb-bdd3-85fa7707f1c4,G,2,-1,F,2,1
6,4,4,F,1,1,dominant,4,dc5be62a-f6d2-4f58-958a-ba181fd3393f,F,2,1,B,2,0
6,4,4,B,0,1,dominant,4,5e796beb-2c20-489a-af59-546e4db39038,B,2,0,B,2,0
6,4,4,B,0,1,dominant,4,e87d52d6-c7b1-495d-8b45-ee98ca7c7ac3,B,2,0,F,2,1
6,4,4,F,1,1,dominant,4,df10c267-ab81-468e-825b-f139732dd6bf,F,2,1,C,3,1
6,4,4,C,1,1,dominant,4,8f31dd9b-6415-4b88-8824-1b8335da6fec,C,3,1,F,2,1
6,4,4,F,1,1,dominant,4,f642d4ee-f960-442b-992c-f06063067f9f,F,2,1,F,3,1
6,4,4,F,1,1,dominant,4,dceea5ad-c3bb-46ec-a8b4-e1d47f9e1611,F,3,1,C,3,1
6,4,4,C,1,1,dominant,4,a11a1edf-973f-46aa-b438-e9227b6d5c6b,C,3,1,B,2,0
6,4,4,B,0,1,dominant,4,bce94975-12ee-421d-97bd-f7b674ef24d4,B,2,0,C,3,1
6,4,4,C,1,1,dominant,4,18e210a0-289c-4704-ad91-1c13f6cdf0eb,C,3,1,B,2,0
6,4,4,B,0,1,dominant,4,fe248410-f4bf-4c38-aa11-c0ba2d41f10b,B,2,0,F,3,1
6,4,4,F,1,1,dominant,4,ca171b43-3383-48bf-b99b-7e19d94e5bb8,F,3,1,B,2,0
6,4,4,B,0,1,dominant,4,d117ce20-b7f0-46d4-a787-8a2a0eb9f6d1,B,2,0,F,2,1
6,4,4,F,1,1,dominant,4,f8b72c10-e527-45c3-9803-3946be22cf8d,F,2,1,B,2,0
6,4,4,B,0,1,dominant,4,86c77d69-c57b-434c-ad0d-a9537c848094,B,2,0,F,2,1
6,4,4,F,1,1,dominant,4,327ffe30-edc3-4e9a-bf48-a87236c5b77c,F,2,1,B,2,0
5,4,4,B,0,1,dominant,4,8fdeb5f8-7562-4694-bf4b-b3de5237a307,B,2,0,E,3,0
5,4,4,E,0,1,dominant,4,5c88794a-68aa-433e-9513-5f160fa86c69,E,3,0,E,3,0
5,4,4,E,0,1,dominant,4,792ec341-1971-47b2-9a51-385193567e08,E,3,0,B,2,0
5,4,4,B,0,1,dominant,4,fad0d945-96bb-471c-9223-25f00bc85d6e,B,2,0,F,3,1
5,4,4,F,1,1,dominant,4,7a996dbe-8efa-4df2-9f96-ce861ca6ae8e,F,3,1,B,2,0
5,4,4,B,0,1,dominant,4,ec20362f-9bd8-441d-aba2-6b3793af1c41,B,2,0,B,3,0
5,4,4,B,0,1,dominant,4,198f0457-7fdd-4187-8e9c-b5c88b4a35ac,B,3,0,F,3,1
5,4,4,F,1,1,dominant,4,04e8a659-cfef-4d4b-ac6b-04cd3c8e54c4,F,3,1,E,3,0
5,4,4,E,0,1,dominant,4,313020c0-3a2a-4ca0-8ee1-a9ae7049a7c7,E,3,0,F,3,1
5,4,4,F,1,1,dominant,4,2eef4a97-34a5-4fb3-91c4-e61f969b8ef9,F,3,1,E,3,0
5,4,4,E,0,1,dominant,4,78db6b13-bbae-481c-b3da-f319aae7a14b,E,3,0,B,3,0
5,4,4,B,0,1,dominant,4,d28711e1-4e07-406d-846c-4108bae20973,B,3,0,E,3,0
5,4,4,E,0,1,dominant,4,e38d9262-ef9f-41bb-ba8f-5d8e39218454,E,3,0,B,2,0
5,4,4,B,0,1,dominant,4,3c6081a2-acba-497c-9fea-1f2a947f6a55,B,2,0,E,2,0
5,4,4,E,0,1,dominant,4,16145e8f-f371-4f65-ab99-a30dd62839b5,E,2,0,B,2,0
5,4,4,B,0,1,dominant,4,4ac3ea67-bc95-4833-81a9-9d8986557806,B,2,0,C,3,-1
-7,4,4,C,-1,1,dominant,4,99888f57-5eae-466d-bea0-ef73edf27fe0,C,3,-1,F,3,-1
-7,4,4,F,-1,1,dominant,4,dcf5b78d-f5e3-4ade-bbb5-35aa73a6c42b,F,3,-1,F,3,-1
-7,4,4,F,-1,1,dominant,4,ff874241-225b-4d3e-afdc-ace5a46da960,F,3,-1,C,3,-1
-7,4,4,C,-1,1,dominant,4,31b8ce33-8615-4daf-8902-5c4995f7d787,C,3,-1,G,3,-1
-7,4,4,G,-1,1,dominant,4,6396cb08-2138-44fe-85d7-a6fe694de324,G,3,-1,C,3,-1
-7,4,4,C,-1,1,dominant,4,deed3191-df09-4ff7-925d-3753d9a9d156,C,3,-1,C,4,-1
-7,4,4,C,-1,1,dominant,4,e26ca4c5-7aeb-4d23-aa1f-86df42ceffd1,C,4,-1,G,3,-1
-7,4,4,G,-1,1,dominant,4,4778a3ea-b210-44c5-9bf2-d5028669a3c2,G,3,-1,F,3,-1
-7,4,4,F,-1,1,dominant,4,4051947d-811b-4258-8ebd-f9d96059dddb,F,3,-1,G,3,-1
-7,4,4,G,-1,1,dominant,4,74162864-01e5-46ee-8b82-9371ed08d1ce,G,3,-1,F,3,-1
-7,4,4,F,-1,1,dominant,4,4bbcd4af-dd36-457b-a1d7-9a785bcd16ea,F,3,-1,C,4,-1
-7,4,4,C,-1,1,dominant,4,efbf15f0-9710-420d-93fa-f234f33110b1,C,4,-1,F,3,-1
-7,4,4,F,-1,1,dominant,4,2f37c86f-5001-459e-b8a7-e2eea78efcb0,F,3,-1,C,3,-1
-7,4,4,C,-1,1,dominant,4,8703bb6f-43ad-4222-849c-d568be50400d,C,3,-1,F,2,-1
-7,4,4,F,-1,1,dominant,4,b3267637-fa78-45a1-a8ce-42b226352c55,F,2,-1,C,3,-1
-7,4,4,C,-1,1,dominant,4,3d02281d-e06d-45e9-836e-bdbd4d8f8a59,C,3,-1,E,2,0
4,4,4,E,0,1,dominant,4,69401f1e-77c1-4109-8f94-30672517a6fe,E,2,0,A,2,0
4,4,4,A,0,1,dominant,4,39383934-a379-4a4d-b705-edcb8c310269,A,2,0,A,2,0
4,4,4,A,0,1,dominant,4,8192ce92-f4e9-4850-9af1-72a7389f0867,A,2,0,E,2,0
4,4,4,E,0,1,dominant,4,737517a1-0fa2-4ac7-a4a9-35ff6c89c326,E,2,0,B,2,0
4,4,4,B,0,1,dominant,4,d2cc9915-d27e-4549-beaa-70b65921b1db,B,2,0,E,2,0
4,4,4,E,0,1,dominant,4,cda04911-74a3-4ee4-a9de-e4de475b195b,E,2,0,E,3,0
4,4,4,E,0,1,dominant,4,88f77529-ce2b-4e3b-ad41-e05774a5596b,E,3,0,B,2,0
4,4,4,B,0,1,dominant,4,046d8874-383d-4fd8-b18e-50b53785c9a6,B,2,0,A,2,0
4,4,4,A,0,1,dominant,4,850b8ad5-feb4-4c15-bbef-4e4abcc20be8,A,2,0,B,2,0
4,4,4,B,0,1,dominant,4,d816d834-73dc-4894-8d91-6d2abd26f34e,B,2,0,A,2,0
4,4,4,A,0,1,dominant,4,78179ee7-b42c-4a22-becc-64fe0984570f,A,2,0,E,3,0
4,4,4,E,0,1,dominant,4,6109a4b8-ac00-4e86-8b2a-aa698c5dd3d9,E,3,0,A,2,0
4,4,4,A,0,1,dominant,4,5007fcce-a973-4073-8f2d-925539f837aa,A,2,0,E,2,0
4,4,4,E,0,1,dominant,4,0a2d74fd-17e1-420f-8c4f-a783892d55e6,E,2,0,A,2,0
4,4,4,A,0,1,dominant,4,d472d08c-6c50-4fdb-a4d0-c13fac72a246,A,2,0,E,2,0
4,4,4,E,0,1,dominant,4,89e7f4bd-c5d8-47f6-b9e0-982e0ebe9b1f,E,2,0,A,2,0
3,4,4,A,0,1,dominant,4,15c1f202-de18-4c74-bb6f-647ced7b54a6,A,2,0,D,3,0
3,4,4,D,0,1,dominant,4,e6b8d3b2-4517-43e2-ac9c-bbd8074b50d7,D,3,0,D,3,0
3,4,4,D,0,1,dominant,4,b2c2d65a-a25f-45b1-bc57-018683c0f6e7,D,3,0,A,2,0
3,4,4,A,0,1,dominant,4,1db0ccc7-b823-4b63-b868-4c57ad4f5724,A,2,0,E,3,0
3,4,4,E,0,1,dominant,4,cf04bf87-f81f-460a-bc59-57a2a5eeb089,E,3,0,A,2,0
3,4,4,A,0,1,dominant,4,aa85432c-3bf7-41d1-86ec-e1c4d9e384a3,A,2,0,A,3,0
3,4,4,A,0,1,dominant,4,dbbe6d3d-e77c-4c01-b88f-6122225879cc,A,3,0,E,3,0
3,4,4,E,0,1,dominant,4,b70e1a22-3e4f-4dc8-8ec2-5efec190854f,E,3,0,D,3,0
3,4,4,D,0,1,dominant,4,2a9045c7-08f8-40da-8867-1af68a775f81,D,3,0,E,3,0
3,4,4,E,0,1,dominant,4,3216683a-e218-43ec-a92e-d18919b66d18,E,3,0,D,3,0
3,4,4,D,0,1,dominant,4,08e0132f-3bc4-4e9e-a8d4-3f88d78fbadf,D,3,0,A,3,0
3,4,4,A,0,1,dominant,4,1ed74dda-8ea4-4429-a433-701fc0ad8e6f,A,3,0,D,3,0
3,4,4,D,0,1,dominant,4,30e5b4e3-4725-48fb-a436-1edc94520f25,D,3,0,A,2,0
3,4,4,A,0,1,dominant,4,f742f6fa-1c4e-449a-8d68-4581090acfbe,A,2,0,D,3,0
3,4,4,D,0,1,dominant,4,502a410e-b22b-4b89-85b4-a875cc31e63e,D,3,0,A,2,0
3,4,4,A,0,1,dominant,4,c5a90f82-041d-4452-86ce-7d7c49d49291,A,2,0,D,3,0
2,4,4,D,0,1,dominant,4,61dd701f-4e63-4d6d-8544-3438ee279761,D,3,0,G,3,0
2,4,4,G,0,1,dominant,4,bbb61487-398f-4274-af63-d95a61cade55,G,3,0,G,3,0
2,4,4,G,0,1,dominant,4,d94fb056-ac6a-44af-82a9-b94451e697c9,G,3,0,D,3,0
2,4,4,D,0,1,dominant,4,ee50a463-a37d-45c6-8c0e-e7d05f5efac7,D,3,0,A,3,0
2,4,4,A,0,1,dominant,4,1f6b56cc-d080-4779-8226-b4bb50e41d4d,A,3,0,D,4,0
2,4,4,D,0,1,dominant,4,31ad5d46-5111-4e51-8264-c0b71b27e8ea,D,4,0,A,3,0
2,4,4,A,0,1,dominant,4,ec157ca6-460e-4e41-bbb0-ffd2bc54a1f1,A,3,0,D,3,0
2,4,4,D,0,1,dominant,4,a096c02f-39fd-445b-ab6a-311b2c1daf45,D,3,0,D,3,0
2,4,4,D,0,1,dominant,4,2348ab74-5c8e-4b71-b6d2-e8eeac877282,D,3,0,A,3,0
2,4,4,A,0,1,dominant,4,c4ff33db-24e0-42b6-8c95-528dbc71c46d,A,3,0,G,3,0
2,4,4,G,0,1,dominant,4,e8c6ba9d-f5d3-498c-b488-4a6d823537e0,G,3,0,A,3,0
2,4,4,A,0,1,dominant,4,d70101d4-e3a8-4072-ae0d-a24acd4fcdd6,A,3,0,G,2,0
2,4,4,G,0,1,dominant,4,d9c38f4c-0f0f-4e2a-87a8-ca9f7c699fc4,G,2,0,D,3,0
2,4,4,D,0,1,dominant,4,3bbe6b49-1ae6-4fb6-9c69-581bb08ec440,D,3,0,G,2,0
2,4,4,G,0,1,dominant,4,26bdc700-a8e3-4063-95b5-38dc2e2f6661,G,2,0,D,3,0
2,4,4,D,0,1,dominant,4,8107bd03-d667-4f61-b2c2-c75195f20f21,D,3,0,G,3,0
2,4,4,G,0,1,dominant,4,3e850fdc-7e2a-4df5-a43f-9f99e16bf4d8,G,3,0,D,4,0
2,4,4,D,0,1,dominant,4,155a6c8c-46c4-4b08-b46a-f78c4316dc22,D,4,0,G,3,0
2,4,4,G,0,1,dominant,4,81556351-bd2f-451c-8898-21420a57039e,G,3,0,D,3,0
2,4,4,D,0,1,dominant,4,6f02473f-28e0-4c4b-97e2-509842705310,D,3,0,G,2,0
1,4,4,G,0,1,dominant,4,6526d779-81ca-44a7-9bfc-d843c149ee5e,G,2,0,C,3,0
1,4,4,C,0,1,dominant,4,a630244d-24e9-4eb2-ae67-163a75e70511,C,3,0,C,3,0
1,4,4,C,0,1,dominant,4,bcb02872-b6c5-400b-9165-a12eae51cffd,C,3,0,G,2,0
1,4,4,G,0,1,dominant,4,113f9771-8477-4ba7-90ce-24ec58c138a5,G,2,0,D,3,0
1,4,4,D,0,1,dominant,4,dd78d892-a275-4d1e-9376-8a8e577203bc,D,3,0,G,2,0
1,4,4,G,0,1,dominant,4,aa540588-f164-4877-9433-93c3a31f362d,G,2,0,G,3,0
1,4,4,G,0,1,dominant,4,e9ef8da3-18b6-48d4-bc99-ec2799c03a2b,G,3,0,D,3,0
1,4,4,D,0,1,dominant,4,58431420-6359-43d6-9cb2-1464868bcfad,D,3,0,C,3,0
1,4,4,C,0,1,dominant,4,4e2a5bb9-5d0b-4501-a361-6503eb1a6154,C,3,0,D,3,0
1,4,4,D,0,1,dominant,4,e62aef06-e2df-4223-9af6-40a55ff75680,D,3,0,C,3,0
1,4,4,C,0,1,dominant,4,cf20b755-ad25-416b-bdaa-f7ef3015a176,C,3,0,G,3,0
1,4,4,G,0,1,dominant,4,65b08c1c-1db9-467a-964c-dbdb5591642a,G,3,0,C,3,0
1,4,4,C,0,1,dominant,4,5497cdcb-300c-4809-a8c0-a35d037a1e37,C,3,0,G,2,0
1,4,4,G,0,1,dominant,4,69d6f4e4-8cd8-4b94-8ac7-4bdce58004dd,G,2,0,C,3,0
1,4,4,C,0,1,dominant,4,b02e95a9-da9a-4479-9ac2-8e7e22b599e2,C,3,0,G,2,0
